video_id,category,title,title_length,title_word_count,has_number,has_question,has_exclamation,title_caps_ratio,tag_count,desc_length,publish_hour,publish_day,duration_sec,view_count,like_count,comment_count,view_median,view_std,views_z,viral_label
SWekFUqVPnI,Technology,"नवीन Phones घेणं बंद करा! - Best Old Phones from Rs 20,000 to Rs 1,00,000.",74,15,1,0,1,0.08108108108108109,21,1371,7,1,389,109428,2663,203,271836.5,2047479.7535149523,-0.07932117507935786,medium
xJpyi7w9D5I,Technology,Top Upcoming Smartphones - June 2026🔥🔥🔥,39,6,1,0,0,0.10256410256410256,36,1649,12,4,215,49760,1670,94,271836.5,2047479.7535149523,-0.10846334359045873,medium
ky9MI-NSCE8,Technology,Best Smartphones Under 25000 in June 2026 | Don't Buy Wrong Phones! | Gizmo Gyan,80,15,1,0,1,0.125,18,1787,15,5,686,21703,786,82,271836.5,2047479.7535149523,-0.12216653159602212,medium
KyTOr65WH9s,Technology,Top 14+ Best Upcoming Phone Launches ⚡ June 2026,48,9,1,0,0,0.125,24,1792,10,0,492,332143,10675,770,271836.5,2047479.7535149523,0.029454015306608305,medium
9dDIO9qLyF0,Technology,Top 5 Best Smartphones Under ₹20000 Budget ⚡ June 2026,54,10,1,0,0,0.1111111111111111,20,2285,7,4,350,298819,10272,747,271836.5,2047479.7535149523,0.013178396491432242,medium
uVfLQ1ohieM,Technology,Best Smartphone under 25000 🔥🔥 Best Phone under 25000 | Phone under 25000,73,13,1,0,0,0.0684931506849315,16,960,12,5,648,14187,229,43,271836.5,2047479.7535149523,-0.12583738596569152,medium
o5hCb1IhrMA,Technology,"Top Best Smartphones Under ₹20,000 🔥 Best Budget Phones in 2026! 😳",66,12,1,0,1,0.10606060606060606,0,1301,2,1,179,731764,29063,132,271836.5,2047479.7535149523,0.2246310368688299,medium
kmDt4tf3mcQ,Technology,"Don't Buy Wrong Phones ❌ : Buy These Under ₹25,000 ✅",52,11,1,0,0,0.1346153846153846,21,1205,13,0,727,112297,3700,464,271836.5,2047479.7535149523,-0.07791994022217565,medium
Hb3tKVnzQFQ,Technology,OnePlus Nord CE6 Lite 5G Review ✅ Best 5G Phone Under 20000,59,12,1,0,0,0.2033898305084746,21,478,5,6,30,278309,3299,20,271836.5,2047479.7535149523,0.003161203420394522,medium
kRLwyZJAJYY,Technology,All in One Phone 🤯 motorola edge 70 fusion! #smartphone,55,10,1,0,1,0.05454545454545454,27,717,14,0,61,13812932,433754,819,271836.5,2047479.7535149523,6.613543052991714,viral
7ssyc13asa8,Technology,The Best Flagship Deal Right Now!,33,6,0,0,1,0.18181818181818182,1,225,11,2,74,502432,19716,326,271836.5,2047479.7535149523,0.11262406849402627,medium
EShmdul-80g,Technology,Top 5 Best Smartphones Under ₹25000 Budget ⚡ April 2026,55,10,1,0,0,0.10909090909090909,18,2420,7,5,446,928422,25121,1527,271836.5,2047479.7535149523,0.32067984988512127,high
oFnwjMzJ9wI,Technology,I Bought This Phone - Indian Budget 5G Phone Market Reality !,61,12,1,0,1,0.16393442622950818,12,1085,14,2,751,527610,17922,1574,271836.5,2047479.7535149523,0.12492113758922802,medium
t5gdb2LYcG0,Technology,motorola G37 Power Hands On & First Look ⚡️ #TrakinShorts #Shorts,65,11,1,0,0,0.13846153846153847,22,755,6,1,88,117042,5408,135,271836.5,2047479.7535149523,-0.07560245698852991,medium
GPs4c5QW7tg,Technology,Oneplus Nord CE 6 Lite vs realme P4x - Best Phone Under 20000,61,13,1,0,0,0.14754098360655737,12,746,10,4,82,169528,4004,32,271836.5,2047479.7535149523,-0.049968015470905056,medium
8gesLyzSMe8,Technology,Smartphone Sale Is Here! ft. Samsung,36,6,0,0,1,0.1388888888888889,1,697,8,3,96,282189,9870,153,271836.5,2047479.7535149523,0.00505621605401843,medium
c347oYQO57A,Technology,So This is Peak Smartphone,26,5,0,0,0,0.15384615384615385,5,364,17,1,797,4671085,125427,6141,271836.5,2047479.7535149523,2.148616362358512,viral
serM0KWIFko,Technology,OnePlus Nord CE6 5G Review ✨ Best 5G Phone Under 30000,54,11,1,0,0,0.2037037037037037,21,434,6,3,29,265364,3155,35,271836.5,2047479.7535149523,-0.003161203420394522,medium
3RUjmyN6E2Q,Technology,Realme P4 Lite 5G Quick Review ✨ 5G Phone Under 15000,53,11,1,0,0,0.16981132075471697,17,217,6,3,38,217757,3857,39,271836.5,2047479.7535149523,-0.02641271539176911,medium
H8ARtNKywFE,Technology,VIVO T5x 5G TOP Features ⚡ Best 5G Phone Under 20000,52,11,1,0,0,0.2692307692307692,23,213,7,0,37,227858,3868,48,271836.5,2047479.7535149523,-0.02147933327521367,medium
zEOJxcuoGvk,Technology,All New Samsung Budget Phone Is Here Ft. Galaxy M17e⚡️ #TrakinShorts #Shorts,76,12,1,0,0,0.17105263157894737,20,657,8,1,87,295216,11994,134,271836.5,2047479.7535149523,0.011418672130878908,medium
dJTpTQIdeJ8,Technology,iPhone Audio Upgrade! Fosi Audio MD3 DAC Unboxing,49,8,1,0,1,0.22448979591836735,30,962,12,0,136,776,15,1,271836.5,2047479.7535149523,-0.13238738968464261,medium
0OIjNC-9aB0,Technology,Vivo T5 Pro vs Moto Edge 70 - Best Smartphone Under 30000 #vivot5pro #motoedge70 #smartphones,93,15,1,0,0,0.08602150537634409,0,0,15,2,97,106035,2983,72,271836.5,2047479.7535149523,-0.08097833432314289,medium
v0CyBRBF3hM,Technology,"realme P4x vs vivo T5x: Which 5G phone one to buy under ₹20,000?",64,13,1,1,0,0.0625,23,1558,12,1,85,223998,4518,82,271836.5,2047479.7535149523,-0.023364577802478692,medium
BzcpX7QCjCg,Technology,Infinix Note 60 Pro 5G Unboxing 🔥 First Look | Budget Beast? 😳,62,13,1,1,0,0.14516129032258066,0,1152,2,1,153,204610,7686,47,271836.5,2047479.7535149523,-0.0328337801067829,medium
DArtUQHFC7k,Technology,Best Phone Under 30000 in 2026 ⚡️ Best 5G Mobile Under 30000,60,12,1,0,0,0.11666666666666667,20,1399,7,5,91,1014717,24630,183,271836.5,2047479.7535149523,0.36282678679712516,high
j-uNK4RAxEY,Technology,The CRAZY Camera Phone ! #Shorts,32,6,0,0,1,0.28125,15,503,11,0,81,434809,21282,1077,271836.5,2047479.7535149523,0.07959663567867845,medium
Xl-vlushpJQ,Technology,Phone Reality Check  #Shorts,28,4,0,0,0,0.14285714285714285,3,49,12,2,54,3119975,61485,285,271836.5,2047479.7535149523,1.3910459896419194,viral
tAe_cZ__Fl4,Technology,Crazy motorola Deals Ft. Flipkart SASA LELE 2026 ⚡️#Shorts,58,9,1,0,0,0.22413793103448276,20,591,12,1,129,233657,10333,142,271836.5,2047479.7535149523,-0.01864707083645464,medium
0PKf2YuKDVI,Technology,Biggest iPhone Sale Ever 🔥| Cheapest iPhone Market | Second Hand Mobile | iPhone 16 Pro iPhone 17,97,18,1,0,0,0.13402061855670103,0,4492,7,0,1520,3008,80,14,271836.5,2047479.7535149523,-0.13129726901499092,medium
5NZ3NnXia3w,Technology,Biggest iPhone Sale Ever 🔥| Cheapest iPhone Market  | Second Hand Mobile  iPhone 17 iphone16 Pro ,97,16,1,0,0,0.12371134020618557,16,4890,14,6,1073,3477,61,12,271836.5,2047479.7535149523,-0.13106820692087504,medium
ws_z7aB9OoQ,Technology,Biggest iPhone Sale Ever 🔥| Cheapest iPhone Market | Second Hand Mobile | iPhone 16 Pro iPhone 17,97,18,1,0,0,0.13402061855670103,0,4425,8,6,1208,4280,76,13,271836.5,2047479.7535149523,-0.13067601745056576,medium
P1v5tLs_TWs,Technology,"Paisa Wasool 5G Phones : Under ₹25,000✅ #shorts",47,8,1,0,0,0.10638297872340426,21,57,15,1,106,116989,5739,167,271836.5,2047479.7535149523,-0.07562834247038096,medium
57RZVhwVgaQ,Technology,"This Special Redmi Phone Is @ 17,999* ft. Redmi Note 15 SE ⚡️#TrakinShorts",74,13,1,0,0,0.14864864864864866,18,713,14,0,133,639842,26338,298,271836.5,2047479.7535149523,0.17973584323275338,medium
330mOKIo2Ro,Technology,OnePlus Nord 6 5G Unboxing 🔥 First Look | Best Nord Phone Yet? 😳,64,14,1,1,0,0.171875,0,1078,1,0,168,303046,9305,96,271836.5,2047479.7535149523,0.015242885770382825,medium
bZaY73ReRxA,Technology,vivo Y400 5G vs realme 16 5G - Best Phone Under 30000? #realme16 #Aiportraitstar#Bestphoneunder30K,98,14,1,1,0,0.09183673469387756,0,242,8,0,115,141545,4547,175,271836.5,2047479.7535149523,-0.06363506148294057,medium
EqKFXFDkIlc,Technology,"The Best TWS Under ₹5,000!",26,5,1,0,1,0.23076923076923078,15,362,6,5,96,207780,5910,150,271836.5,2047479.7535149523,-0.03128553524889945,medium
KM-DUdQFsY4,Technology,Top 6 Best Smartphones Under ₹50000 ⚡ April 2026,48,9,1,0,0,0.10416666666666667,19,1933,6,1,464,418608,14747,987,271836.5,2047479.7535149523,0.07168398112266273,medium
U5Uvwb30h9Q,Technology,New Smartphone By Philips India - Reality Check !,49,9,0,0,1,0.14285714285714285,12,650,16,1,593,1477250,38213,1662,271836.5,2047479.7535149523,0.5887303637218589,high
ap3aofTnBuc,Technology,"RedMagic 11 Air Unboxing & First Look ⚡ SD 8 Elite, 7000mAh, 24,000RPM 🌀 & More",79,16,1,0,0,0.17721518987341772,21,1986,7,5,459,630316,15646,570,271836.5,2047479.7535149523,0.1750832941740159,medium
Zw-m9c8dWQM,Technology,Ye Hai REAL Ultra Phone ft. OPPO Find X9 Ultra 🤯 #Shorts,56,12,1,0,0,0.2857142857142857,18,552,6,1,82,559061,34064,436,271836.5,2047479.7535149523,0.14028197324389438,medium
TVWulBS6cmc,Technology,Samsung Galaxy S26 is Underrated? #samsung #android #smartphone,63,8,1,1,0,0.06349206349206349,0,0,19,4,34,347883,5796,172,271836.5,2047479.7535149523,0.03714151501105168,medium
uPa9ADF1gdE,Technology,STOP! You’re Wasting Your Money! 🛑 Best Phones Under 50000,58,10,1,0,1,0.1896551724137931,20,2209,6,3,676,444067,9549,1062,271836.5,2047479.7535149523,0.08411829211220684,medium
TnZNbc1nsmc,Technology,120FPS Gaming UFS4.0 | Top 5 Best Smartphones Under 25000 to 30000 in India 2026 | Best Phone 30000,99,19,1,0,0,0.1414141414141414,16,2348,14,6,1447,3975,89,26,271836.5,2047479.7535149523,-0.1308249810725388,medium
lZnyLJuXkS8,Technology,"Vivo Y11 5G🤡 ₹15,000 #techreview #gadgets",41,6,1,0,0,0.07317073170731707,0,0,10,4,33,164857,2814,165,271836.5,2047479.7535149523,-0.05224935671102291,medium
yamR51dn404,Technology,Sony Xperia 1 VIII - cinema Camera In Your Pocket?😳📸 #sonyxperia1viii #shorts,77,12,1,1,0,0.12987012987012986,0,1536,10,4,41,190499,3930,66,271836.5,2047479.7535149523,-0.039725667548295006,medium
nCExzZn7qOw,Technology,Realme P4x vs Vivo T5x 5G 🔥Best 5G Phone under 20K🥵,51,11,1,0,0,0.17647058823529413,0,131,5,4,63,59600,970,17,271836.5,2047479.7535149523,-0.10365743526188675,medium
78TYuPa6l7I,Technology,Sony is Back With A Flagship Phone! 🤯,37,8,0,0,1,0.16216216216216217,24,1252,14,3,69,1560544,56835,1276,271836.5,2047479.7535149523,0.629411596274712,high
tzXRzwT56-0,Technology,OnePlus Nord 6 vs OnePlus 13R: Which One Should You Buy?,56,11,1,1,0,0.19642857142857142,9,437,15,2,101,1308804,40055,605,271836.5,2047479.7535149523,0.5064604415354124,high
5TSaiQVdWIQ,Technology,I Tried this Most Advanced Phone - Google Pixel 10a 🔥,53,11,1,0,0,0.1320754716981132,31,1370,14,3,619,324613,6939,485,271836.5,2047479.7535149523,0.025776323262487678,medium
LI3tQHJFn6Y,Beauty,4-step Indian korean glass skincare tips ✨🇮🇳 #indianskincare #skincare #koreanglassskin,87,10,1,0,0,0.011494252873563218,0,0,8,5,23,1409,0,0,109801.0,1458206.9451093217,-0.07433238496328369,medium
SImvCTEsiGE,Beauty,"The Only Makeup Tutorial You Need for 2026: Natural, Soft & Simple",66,12,1,0,0,0.13636363636363635,17,1219,14,0,349,78244,1865,65,109801.0,1458206.9451093217,-0.021640961254394638,medium
Ke0Y3LklWfI,Beauty,Summer Makeup That Won’t Melt (Using Bare Minimum Products),59,9,0,0,0,0.15254237288135594,18,2379,11,6,436,170843,3577,160,109801.0,1458206.9451093217,0.04186099936276444,medium
3NVw38JorLg,Beauty,Best ways to remove facial hair naturally at home #makeoverbyanita002 #skincare #facialtreatment l,98,13,1,0,0,0.01020408163265306,0,1443,8,0,30,11021,80,0,109801.0,1458206.9451093217,-0.06774072797506424,medium
4qFACXBaKCI,Beauty,✨🔥STEP BY STEP Skincare Routine For Beginners _ ഈ 5 steps അറിയാതെ skincare ചെയ്യരുത്,84,14,1,0,0,0.16666666666666666,16,1172,13,2,1020,226750,6906,872,109801.0,1458206.9451093217,0.08020055067782737,medium
DCeuoD0R6QQ,Beauty,Lakme Makeup for Beginners | Lakme Lumi Cream Makeup Tutorial | Easy Daily Look 💄,81,15,0,0,0,0.13580246913580246,18,4726,17,2,1372,2599,61,7,109801.0,1458206.9451093217,-0.07351631423752619,medium
jWwK7DLPP0o,Beauty,POV: You’re Late… But Still Need to Look Presentable ✨#grwm #eid #makeup #ramshasultan,86,13,0,0,0,0.11627906976744186,26,2088,14,4,101,173960,4696,200,109801.0,1458206.9451093217,0.04399855604527381,medium
jROrIB88Zko,Beauty,Pro makeup Artist Teaches Timeless Bridal Makeup Look “NO Gatekeeping”,70,10,0,0,0,0.14285714285714285,8,4206,13,5,5311,149575,6267,506,109801.0,1458206.9451093217,0.027275963904436172,medium
gBcud_GCbM4,Beauty,✨Step By Step Makeup Tutorial In Malayalam _ How to apply makeup correctly for Begginers,88,15,0,0,0,0.10227272727272728,0,2769,13,5,1087,42140,962,158,109801.0,1458206.9451093217,-0.0464001356096459,medium
1kb1maWEmj8,Beauty,Brown Makeup Tutorial! #grwm,28,4,0,0,1,0.10714285714285714,16,463,8,4,1134,298646,5404,659,109801.0,1458206.9451093217,0.12950493798796323,medium
mNUW8mHcLxM,Beauty,This nude shade💄 deserves a spot in your makeup bag 👜 #lipsticktutorial,71,12,0,0,0,0.014084507042253521,20,1455,15,0,25,1059,10,0,109801.0,1458206.9451093217,-0.07457240576497708,medium
5331wk6iUn8,Beauty,Douyin Makeup Tutorial on Indian Face | Step-by-Step Soft Glam + Outfit Look ,77,13,0,0,0,0.14285714285714285,0,970,12,5,783,230336,9179,256,109801.0,1458206.9451093217,0.08265973523460587,medium
0mGUnZFDt9A,Beauty,Get Ready With Me (GRWM) 💄 | Simple Step-by-Step Makeup for Beginners | Divya Vlogs ❤️,86,16,0,0,0,0.1744186046511628,23,1397,13,2,2181,151086,2053,153,109801.0,1458206.9451093217,0.02831216799403247,medium
-sx-0bAfp14,Beauty,Bollywood's Makeup Legend on The Biggest Mistakes Indian Women Make | Masoom Minawala | Mickey,94,15,0,0,0,0.1276595744680851,21,3589,12,1,4312,260387,3279,271,109801.0,1458206.9451093217,0.10326792126799984,medium
a-o-Pvkk3RE,Beauty,THIS is the makeup that will have people complimenting your skin. #sephora #sale,80,13,0,0,0,0.05,0,0,16,5,86,528508,15898,296,109801.0,1458206.9451093217,0.28713825661323367,medium
b0qTq-bjtUQ,Beauty,The power of makeup 💄💋 #makeup #beuty #shortsfeed #shorts #viral #usa#korean,76,11,0,0,0,0.013157894736842105,6,964,3,3,61,22649,687,5,109801.0,1458206.9451093217,-0.059766551169090895,medium
9Sl9t_nUwDc,Beauty,Bridal Makeup Tutorial Step by Step 💄Indian Bridal Makeup for Beginners | #ytshorts #youtubeshorts,98,14,0,0,0,0.09183673469387756,0,630,3,1,69,6788002,63027,91,109801.0,1458206.9451093217,4.579734736827313,viral
qRX6G6A9fqQ,Beauty,Ancient Indian Summer Glow Ritual | 7 Ayurvedic Secrets for No Makeup Skin,74,13,1,0,0,0.13513513513513514,22,2862,1,0,751,302960,8218,422,109801.0,1458206.9451093217,0.13246336581226395,medium
25XNQWVS91E,Beauty,Traditional Makeup Look Under Budget😁✨️ #brown #makeup #makeuptutorial,70,8,0,0,0,0.07142857142857142,6,1015,4,0,69,3164,101,3,109801.0,1458206.9451093217,-0.07312885208622115,medium
-7bMm2-vmZ8,Beauty,Credit- pratikmakeupartist | makeup tutorial step by step with products #shorts #makeup #makeover,97,13,0,0,0,0.010309278350515464,15,4649,14,2,60,2952740,0,76,109801.0,1458206.9451093217,1.9496128512725366,viral
GtE5JNH_a3o,Beauty,After makeup skincare ✨️ #skincare #skincareroutine #summer #makeup #remove #shorts #viral #india,97,12,0,0,0,0.010309278350515464,0,0,12,5,44,1433,12,2,109801.0,1458206.9451093217,-0.07431592639402472,medium
pWE7Czq3k7Q,Beauty,Perfect Brown Lipcombo✨🤎 #brown #makeup #lips,45,6,0,0,0,0.06666666666666667,5,968,4,3,32,137757,1902,9,109801.0,1458206.9451093217,0.019171490091829276,medium
JbVYACIL7UI,Beauty,By- harshvishah24 | neutral glam bridal makeup tutorial with products #shorts #makeup #bridalmakeup,99,13,1,0,0,0.010101010101010102,0,4646,7,1,26,115274,0,2,109801.0,1458206.9451093217,0.003753239564765404,medium
ShNvp_YHKEs,Beauty,Trying viral blush✨#trendingshorts #makeup #beauty #viral #glowskin #makeuptutorial #skincare #blush,100,10,0,0,0,0.01,0,2226,2,4,10,1702,8,0,109801.0,1458206.9451093217,-0.07413145326358038,medium
9BBjREuKr7I,Beauty,3 Coconut Oil Skin Whitening Hacks for Clear & Glowing Skin,59,11,1,0,0,0.13559322033898305,13,1267,6,4,65,255578,7280,134,109801.0,1458206.9451093217,0.09997003545273274,medium
5_ZbNeS_idY,Beauty,I BOUGHT A FULL MAKEUP ROUTINE FROM FACEBOOK MARKETPLACE,56,9,0,0,0,0.8571428571428571,35,703,20,4,1679,1395773,34802,854,109801.0,1458206.9451093217,0.8818858011292703,high
-_vO-6fKRuc,Beauty,Skin Care Tips For Glowing Skin ✨ #skincare #aishorts #beautytips,65,10,0,0,0,0.09230769230769231,18,175,12,1,25,26648,397,2,109801.0,1458206.9451093217,-0.057024142066314204,medium
G6GpH9eulbM,Beauty,Get effortlessly ready ✨ #trend #skincare #foryou #makeup #grwm #indian #indianwear,83,11,0,0,0,0.012048192771084338,0,0,16,0,58,1965,56,3,109801.0,1458206.9451093217,-0.07395109477545078,medium
1oD6oHrzkxw,Beauty,How to do skincare for teens & beginners,40,8,0,0,0,0.025,0,871,5,3,58,438496,16625,502,109801.0,1458206.9451093217,0.22541039260744827,medium
n-KAIqVu620,Beauty,how to use the viral COLOUR CORRECTOR palette 🎨 #makeup #viral #affordable #tuitorial,85,13,0,0,0,0.17647058823529413,4,338,5,6,61,911,13,0,109801.0,1458206.9451093217,-0.07467390027540742,medium
-truF0228lI,Beauty,😱Stop Doing Skincare Wrong ❌ Try This Beauty Hack #skincare #makeup #shortsfeed #viralvideo #shorts,99,14,0,0,0,0.08080808080808081,24,1149,14,4,12,17961,0,45,109801.0,1458206.9451093217,-0.062981458364344,medium
u_bs6bBjJNw,Beauty,Alexandra Leclerc On The Affordable Mascara She'll Never Stop Using | Vogue Australia,85,13,0,0,0,0.1411764705882353,16,1200,21,4,22,302226,8256,32,109801.0,1458206.9451093217,0.13196000790242698,medium
Fm5R8IYv0jQ,Beauty,Breaking out Stop guessing.Wrong skincare + wrong face yoga #acnetips  #acnescars #houseofbeautyindi,100,12,0,0,0,0.03,35,710,4,4,15,24224,297,4,109801.0,1458206.9451093217,-0.058686457561470666,medium
BVxYw-Ti7XI,Beauty,Instant Acne Calm Hack🤯✨#acne #beautyhacks #remedy #fypシ #shorts,64,8,0,0,0,0.0625,14,1228,14,0,19,6321687,0,221,109801.0,1458206.9451093217,4.259948164994026,viral
i5Q9_w5e_s4,Beauty,Glass glowing skin #shorts GlassSkinGlow #MakeupRoutine #IndianMakeup,69,7,0,0,0,0.11594202898550725,0,95,5,3,53,31937,1519,9,109801.0,1458206.9451093217,-0.053397084865867604,medium
kYhuALUsw5E,Beauty,The power of makeup 💄😮 #makeup #beauty #beautyhacks #reels #viral #makeuptutorial #usa,86,12,0,0,0,0.011627906976744186,5,960,15,0,61,27097,1288,3,109801.0,1458206.9451093217,-0.056716229666427545,medium
IyjczBYPHVs,Beauty,5 MINUTE FACE OF MAKEUP because you asked for it!  #makeuptutorial #easymakeup,78,12,1,0,1,0.23076923076923078,0,94,3,1,173,695448,37863,1353,109801.0,1458206.9451093217,0.4016213212837867,high
OoFpvd1WQxY,Beauty,😱Stop Doing Skincare Wrong ❌ Try This Beauty Hack #skincare #makeup #shortsfeed #viralvideo #shorts,99,14,0,0,0,0.08080808080808081,26,2051,16,2,8,58552,0,66,109801.0,1458206.9451093217,-0.03514521733138355,medium
hfiPaxHq7W4,Beauty,Korean Lips on Indian Skin #lipstick   #makeup #korean  #viral #skincare #beauty,80,11,0,0,0,0.05,19,81,13,0,9,4360,17,5,109801.0,1458206.9451093217,-0.07230866671814891,medium
-QEfLVqHJPw,Beauty,Dream Glow Up ✨ #aesthetic #cloudyaesthetic #korean #glowup #tips #skincare #beauty,83,11,0,0,0,0.03614457831325301,0,0,8,5,23,239927,9284,15,109801.0,1458206.9451093217,0.08923699097472372,medium
gj0fecI35Yc,Beauty,Why POPULAR INDIAN MAKEUP Looks UGLY on OLIVE SKIN 🥲💄,53,10,0,0,0,0.6415094339622641,0,0,7,2,39,104328,2336,58,109801.0,1458206.9451093217,-0.003753239564765404,medium
fz8Oi3oJfsk,Beauty,By- haripriyamakeupartist | south indian bridal makeup look #shorts #makeup #bridal #makeover #glam,99,13,0,0,0,0.010101010101010102,19,4654,13,2,16,42450,0,3,109801.0,1458206.9451093217,-0.04618754575671747,medium
wWyhVdJt6jA,Beauty,It’s NOT your FACEWASH… you’re doing THIS wrong 😳 #shorts #facewashingroutine,77,11,0,0,0,0.2077922077922078,0,557,14,1,23,2112038,16751,167,109801.0,1458206.9451093217,1.3730815140575896,viral
ZE1hpY8EV9M,Beauty,This is a gem😍 koi aaye put of india se to mnga lena😍 #skintint,63,14,0,0,0,0.015873015873015872,0,0,18,2,40,39702,1208,24,109801.0,1458206.9451093217,-0.0480720519368701,medium
XdDLS6AOa7A,Beauty,everyday simple and affordable makeup #shorts #BeautyWithPriyaTips #ytshorts,76,8,0,0,0,0.05263157894736842,0,34,8,5,58,1692529,7440,17,109801.0,1458206.9451093217,1.0853932669216186,viral
AbsL70fpz7U,Beauty,Korean Lips on Indian Skin #lipstick   #makeup #korean  #viral #skincare #beauty,80,11,0,0,0,0.05,19,80,13,6,10,1158,9,0,109801.0,1458206.9451093217,-0.0745045141667838,medium
rw-ifGjVofs,Beauty,Desi glam makeup tutorials ✨🌸💄#makeup #indian #makeup #beauty #lipistic #desi #grwm #shorts #youtube,100,13,0,0,0,0.01,0,0,11,0,45,1070,14,1,109801.0,1458206.9451093217,-0.07456486225406672,medium
egAfkcnRPOU,Beauty,Try This Blush Under Foundation Trick for Natural Glow✨#makeup #beauty #hack #shorts #tips #blush,97,14,0,0,0,0.08247422680412371,0,1778,17,5,23,1452,10,1,109801.0,1458206.9451093217,-0.07430289669336136,medium
1sbvKE83Sgc,Beauty,Swiss beauty glow up makeup fixer #shorts,41,7,0,0,0,0.024390243902439025,0,41,12,3,9,3341611,0,25,109801.0,1458206.9451093217,2.216290363201988,viral
5P7tAN8F8TY,Beauty,Hack by- beauty__by_archana__ | Easy powder sindoor makeup hack #shorts #sindoor #bridal #dulhan,96,13,0,0,0,0.020833333333333332,20,4650,9,5,33,2970248,0,26,109801.0,1458206.9451093217,1.9616193775469588,viral
AX5ep9H3v1s,Fitness,5 health poses for spine and mobilisation level #motivation #gym #yoga #shorts #viral #video,92,14,1,0,0,0.0,0,0,14,0,14,580300,3752,33,34161.0,1157802.153867799,0.47170321645675534,high
hFQzUnVMOWA,Fitness,Follow Along Indian Clubs  #RudraVed #indian clubs #homeworkout #yoga #workout #mudgar #mugdar ,95,12,0,0,0,0.06315789473684211,27,719,12,0,625,123,2,0,34161.0,1157802.153867799,-0.029398805215805936,medium
kE8V01YAEzw,Fitness,Challenge Accepted🔥🇮🇳💪🏻 #fitness #challenge #motivation #yoga #gym #ytshorts #shorts #india #yt,95,11,0,0,0,0.021052631578947368,9,0,14,0,11,1258,0,0,34161.0,1157802.153867799,-0.028418499559776215,medium
zkU1uOZU-7s,Fitness,Kamar dard (back pain) #yoga #yogi #uk #usa #india #rishikeah #video #viral #fit #gym,85,14,0,0,0,0.011764705882352941,0,0,15,4,21,20362,267,2,34161.0,1157802.153867799,-0.011918271143219522,medium
r8YJKIckP-E,Fitness,Burn 1000 Calories ZUMBA | Intense Fat Loss Workout || Govind || Mayuri Dance & Fitness Acadmey |,97,18,1,0,0,0.16494845360824742,24,855,13,4,1159,1102426,17101,243,34161.0,1157802.153867799,0.9226662745714475,high
5QOZnkYYgIw,Fitness,Bollywood Party Song Zumba || Niteesh || Mayuri Dance & Fitness Academy ||,74,13,0,0,0,0.12162162162162163,24,814,12,3,1036,319142,3017,23,34161.0,1157802.153867799,0.24613963538414688,medium
UJXb6jdJ2ig,Fitness,🔥 Full Body Workout at Home part 4 💪 | #Chest #Abs #Arms #Back #Workout #fullbodyworkout #trending,98,17,1,0,0,0.09183673469387756,0,4786,12,0,5,7853,49,0,34161.0,1157802.153867799,-0.022722362289718037,medium
GWzF5fac8ak,Fitness,25Mins Bollywood Tadka Mix Belly Workout,40,6,1,0,0,0.15,0,0,13,5,1656,301285,4151,97,34161.0,1157802.153867799,0.23071644763108717,medium
oDlIAvB69cg,Fitness,Mugdar Workout (Indian Clubs)#mudgar #mugdar #RudraVed #homeworkout #yoga #workout #indianclubs,95,10,0,0,0,0.06315789473684211,24,686,12,1,550,119,2,0,34161.0,1157802.153867799,-0.029402260037501196,medium
jN6ppQZ7p0E,Fitness,Heavy Thighs? Try These 5 Exercises | Reduce Lower Body Fat Fast | @Jairamyoga,78,14,1,1,0,0.14102564102564102,24,2053,14,1,386,215661,8307,185,34161.0,1157802.153867799,0.15676253442237434,medium
FmhAk5fj3OU,Fitness,DWD#121 - 30mins Daily BELLY FAT BURN Workout | Easy Exercise to Lose weight 3-5kgs #dancewithdeepti,100,16,1,0,0,0.2,13,1089,11,1,1825,462195,6188,558,34161.0,1157802.153867799,0.3696952873771161,high
ybDt6ypOEd8,Fitness,Full Bollywood Mix Song Zumba Workout  || Govind || Mayuri Dance & Fitness Academy ||,85,15,0,0,0,0.12941176470588237,24,824,14,3,835,98316,881,16,34161.0,1157802.153867799,0.0554110214648343,medium
DTG2eA-JCMM,Fitness,Challenge Accepted🔥💪🏻 #fitness #motivation #gym #ytshorts #yoga #viral #challenge #workout #india,97,11,0,0,0,0.020618556701030927,0,0,16,0,16,38219,232,2,34161.0,1157802.153867799,0.003504916609840193,medium
gCOFyhxBoe4,Fitness,Yoga for Body Toning | Yoga for Children | Yoga for Health | Yoga for Flexibility | #yoga,89,18,0,0,0,0.10112359550561797,3,252,11,6,495,2748697,7777,0,34161.0,1157802.153867799,2.3445594663403546,viral
VY5IJskd0NI,Fitness,I Lost 21 kgs Doing These 8 Workouts At Home,44,10,1,0,0,0.1590909090909091,21,1599,12,6,451,1032431,45994,2675,34161.0,1157802.153867799,0.8622112134315352,high
EoICNc1JvMU,Fitness,Challenge Accepted🇮🇳💪🏻 #fitness #challenge #gym #motivation #india #ytshorts #yoga #viral #short,96,11,0,0,0,0.020833333333333332,0,0,14,0,20,29774,115,0,34161.0,1157802.153867799,-0.003789075694275241,medium
uH20WWTCc1I,Fitness,Workout Video Day 1 | Zumba Fitness With Unique Beats | Vivek Sir,65,13,1,0,0,0.15384615384615385,0,0,23,1,2360,238793,5015,340,34161.0,1157802.153867799,0.17674176828605678,medium
BjehPieVe78,Fitness,Best Place in India for Yoga Teacher Training Courses 🇮🇳 #shorts #explore #yogateachertraining,94,13,0,0,0,0.07446808510638298,27,1447,6,2,87,32,3,0,34161.0,1157802.153867799,-0.029477402409373077,medium
OyxZAFlpsZA,Fitness,Don't waste your time with walking and yoga. Lift weights!,58,10,0,0,1,0.034482758620689655,9,1756,15,2,1718,645027,17260,1984,34161.0,1157802.153867799,0.5276082774240117,high
PwmtfEjQM-4,Fitness,😱yoga pose challenge 💪#challenge #viralvideo #trending #shorts #sanatani #shortvideo #trendingshorts,100,10,0,0,0,0.0,0,3130,1,0,25,30103,0,6,34161.0,1157802.153867799,-0.003504916609840193,medium
6bcq737yEC4,Fitness,Challenge Accepted🔥💪🏻 #fitness #challenge #motivation #gym #ytshorts #shorts #yoga #india #viral,96,11,0,0,0,0.020833333333333332,13,0,2,1,15,4157,0,1,34161.0,1157802.153867799,-0.0259146175361373,medium
GkZeLTkG1B8,Fitness,Challenge Accepted🇮🇳💪🏻 #fitness #challenge #motivation #gym #yoga #workout #ytshorts #india #yt,95,11,0,0,0,0.021052631578947368,0,0,4,6,19,3648,55,0,34161.0,1157802.153867799,-0.026354243596859,medium
jKvnUi_maXU,Fitness,"Finally , I did it 🥷🏻🪬[Yoga India ,Indian yogini ,Yogapratice, Indian fitness,]#gym #yoga #viral",96,14,0,0,0,0.07291666666666667,0,0,12,1,16,1289,30,9,34161.0,1157802.153867799,-0.028391724691637955,medium
EInam44cUNA,Fitness,Yoga for kids: fun and relaxing exercises for health and physical fitness.,74,12,0,0,0,0.013513513513513514,3,654,11,1,484,481954,1212,0,34161.0,1157802.153867799,0.38676124284627145,high
cYnmB_9izbA,Fitness,"Upper body Shoulder, Hips, Abs & Chest Workout 🔥 #ChestWorkout #abs #HipFix #ShoulderDay",88,13,0,0,0,0.13636363636363635,10,4786,12,0,5,923346,0,41,34161.0,1157802.153867799,0.7679939072747048,high
0WXpm8utZNg,Fitness,Challenge Accepted🇮🇳💪🏻 #fitness #challenge #ytshorts #shorts #viral #india #yoga #gym #funny #yt,96,12,0,0,0,0.020833333333333332,12,86,2,3,16,7334,78,0,34161.0,1157802.153867799,-0.023170625404677885,medium
nGpMHs6B4hA,Fitness,"Upper Body Forearm, trips, Back & Shoulder Workout🔥#ChestWorkout #Abs #Foreams #shoulderday",91,11,0,0,0,0.10989010989010989,0,4995,14,6,6,15741,181,0,34161.0,1157802.153867799,-0.015909453906667412,medium
JBquKRBLALs,Fitness,"Uppper body shoulder, hips, abs & chest workout #chestworkout #hipfix  #abs #shoulderday",88,12,0,0,0,0.011363636363636364,0,4996,16,6,6,17193,141,0,34161.0,1157802.153867799,-0.014655353631288417,medium
jOGsDCrwacA,Fitness,"Upper body Trap, Lats, Back & Shoulder Workout #backworkout #lats #traps#shoulderday",84,11,0,0,0,0.07142857142857142,0,4786,12,6,5,64782,369,1,34161.0,1157802.153867799,0.02644752378263099,medium
aZonfWM5AmA,Fitness,Days Fat Loss Challenge | Natural Weight Loss Tips by Manmohan Yogi,67,12,0,0,0,0.14925373134328357,21,4983,14,2,705,296144,15176,1132,34161.0,1157802.153867799,0.22627613804725563,medium
SXtbDIExM40,Fitness,Full body fatloss exercise at home #shorts #lossweight #bellyfat,64,9,0,0,0,0.015625,32,820,18,2,6,43762,309,2,34161.0,1157802.153867799,0.008292435774045268,medium
kI3PZ3p7Ye4,Fitness,Varicocele Patients MUST Watch Before Lifting Weights!,54,7,0,0,1,0.18518518518518517,24,2614,14,6,174,19190,0,47,34161.0,1157802.153867799,-0.012930533899930392,medium
wJUlolr6hUw,Fitness,"Upper body Trap, Lats, Back & Shoulder Workout 🔥 #backworkout #lats #traps #shoulderday",87,13,0,0,0,0.06896551724137931,0,4786,5,0,6,12184,0,2,34161.0,1157802.153867799,-0.01898165409917642,medium
2hKCSCj1T5s,Fitness,weight loss exercises at home 🏡💪#yoga #weightloss #fitnessroutine #short #ytshorts#healthfityoga,96,10,0,0,0,0.0,37,785,17,0,5,6247,101,0,34161.0,1157802.153867799,-0.024109473200364502,medium
lxQmw9n7gys,Fitness,Which side is better? #split #legday #strengthtraining #flexibility #yoga #calisthenics #india #fyp,99,12,0,1,0,0.010101010101010102,0,0,14,2,19,7862,164,19,34161.0,1157802.153867799,-0.022714588940903706,medium
matTBynOfVo,Fitness,5 Days Belly Fat Challenge 😱 Fat Cutter Drink & Weight Loss Diet Plan | manmohan yogi sir,89,18,1,0,0,0.12359550561797752,20,4980,14,1,533,242084,8414,390,34161.0,1157802.153867799,0.17958422283583106,medium
zEtntYjTgEs,Fitness,(Day 2):- Gym vs Yoga 🧘‍♀️💪 Kon hai sabse powerful💪 #shorts #gym #yoga,70,13,1,0,0,0.05714285714285714,19,2296,9,1,65,17176,0,21,34161.0,1157802.153867799,-0.014670036623493268,medium
wJBNK0VCPNM,Fitness,I Crashed Malaika Arora’s Yoga Session & Tried Living Her 50-Year-Old Routine! | Sunday Brunch,94,15,1,0,1,0.14893617021276595,31,4557,6,6,3009,1553964,16005,611,34161.0,1157802.153867799,1.3126620942299052,viral
th88PM56lfs,Fitness,Malaika Arora Teaches Kamiya Her Famous Duck Walk! #malaikaarora #yoga #duckwalk,80,11,0,0,1,0.1,0,0,12,0,60,2956428,58010,435,34161.0,1157802.153867799,2.5239778577348133,viral
WKCIzsm1jsU,Fitness,Challenge Accepted🔥💪🏻 #fitness #challenge #motivation #yoga #gym #india #ytshorts #workout #viral,97,11,0,0,0,0.020618556701030927,0,0,12,3,14,27401,160,0,34161.0,1157802.153867799,-0.005838648664987606,medium
AtWGf2a2lMA,Fitness,Yoga for Children | Yoga for Health | Yoga for Overthinking | Kids Yoga,71,14,0,0,0,0.11267605633802817,0,393,1,1,308,7175483,20244,0,34161.0,1157802.153867799,6.167998544607488,viral
EfiR71c4mME,Fitness,"Upper body killer workout Shoulder,Hips, Abs & Chest Workout #Chest Workout #abs #HipFix#ShoulderDay",100,13,0,0,0,0.12,0,4786,12,3,5,50987,216,0,34161.0,1157802.153867799,0.014532707461106725,medium
iCccfnEsfuY,Fitness,mahadev poses ☠️🔱 || #fitness #gym #trending #shorts #explore,61,9,0,0,0,0.0,0,0,4,2,15,73641,1222,9,34161.0,1157802.153867799,0.034099090132205724,medium
OCerBafxpK4,Fitness,weight loss exercises at home 🏡💪#yoga #weightloss #fitnessroutine #short #ytshorts,82,10,0,0,0,0.0,35,785,18,6,7,42251,367,1,34161.0,1157802.153867799,0.006987376878661203,medium
Vjw1p9bWM5Q,Fitness,Challenge Accepted💪🏻🔥 #fitness #challenge #motivation #ytshorts #yoga #india #workout #gym #viral,97,11,0,0,0,0.020618556701030927,0,0,12,0,16,3447,14,0,34161.0,1157802.153867799,-0.02652784838704576,medium
mczqSlpHMLE,Fitness,Built your strength with traditional ways#yoga #workout #india,62,8,0,0,0,0.016129032258064516,0,0,5,0,35,1680,13,4,34161.0,1157802.153867799,-0.028054015870926395,medium
IJ4aDL-yfH8,Fitness,Challenge Accepted🇮🇳🔥💪🏻 #fitness #challenge #motivation #ytshorts #yoga #gym #viral #india #yt,94,11,0,0,0,0.02127659574468085,0,0,2,4,20,23854,351,0,34161.0,1157802.153867799,-0.00890221180325847,medium
qLssS2THDAc,Fitness,everyday life with challenges #minivlog #vlog #motivation #fitness #gym #yoga #women #viral #shorts,99,13,0,0,0,0.0,9,0,14,6,20,157,5,3,34161.0,1157802.153867799,-0.029369439231396236,medium
Jqdk9mHSquI,Fitness,"Upper body shoulder, hips, abs & chest workout #chestworkout #hipfix  #abs #shoulderday",87,12,0,0,0,0.011494252873563218,5,4832,11,0,6,6657,0,0,34161.0,1157802.153867799,-0.02375535397660046,medium
gqpvr03s7gA,Fitness,Trisha beautiful hard work in gym|Trisha visual,47,7,0,0,0,0.0425531914893617,0,173,4,2,5,1172238,6035,29,34161.0,1157802.153867799,0.9829632776188018,high
D_P2fhoExXc,Fashion,Footwear for every Indian outfit 🌸💕 #fashioninfluencers #fashioninfluencerindia,79,8,0,0,0,0.02531645569620253,8,255,11,0,38,29547,1238,3,47438.5,958805.5047811086,-0.018660197413118272,medium
-ahvukp2bTE,Fashion,The Outfit 💖 The Look #outfitinspo #outfitideas #fashion #ootd #styleinspo #ootdootdfashion,91,11,0,0,0,0.04395604395604396,19,2771,8,5,13,24531,792,6,47438.5,958805.5047811086,-0.023891706801610083,medium
XVKR85VpV9A,Fashion,Indian Model Cooked The Whole Show Without Saying Single Word,61,10,0,0,0,0.16393442622950818,0,131,4,6,13,234630,0,19,47438.5,958805.5047811086,0.19523406891863335,medium
xprCK1DSFao,Fashion,Inverted Triangle Body Styling Ft. Kurti & Jeans👖#stylewithme #trendingshorts #indianfashion,92,10,0,0,0,0.07608695652173914,0,344,6,3,21,1759171,12355,30,47438.5,958805.5047811086,1.7852760455216428,viral
ziWFhxkfF_8,Fashion,The Outfit 💖 The Look #outfitinspo #outfitideas #fashion #ootd #styleinspo #ootdootdfashion,91,11,0,0,0,0.04395604395604396,15,2268,8,4,13,38596,856,4,47438.5,958805.5047811086,-0.009222412633121778,medium
rCHvAYsrUBk,Fashion,The Outfit 💖 The Look #outfitinspo #outfitideas #fashion #ootd #styleinspo #ootdootdfashion,91,11,0,0,0,0.04395604395604396,19,2172,4,5,13,19998,518,2,47438.5,958805.5047811086,-0.02861946438893731,medium
ohFurDKtZx0,Fashion,Trendingoutfit 😍🎀#youtubeshorts#viralreels#trendingshorts#pintrest#aesthetic#style#summer,89,2,0,0,0,0.011235955056179775,0,486,9,5,12,28871,0,5,47438.5,958805.5047811086,-0.019365241341870357,medium
9jKES7uBSb0,Fashion,Half saree colour combination ✨ #indianfashion #india #style #ootd #saree,73,10,0,0,0,0.0136986301369863,0,0,4,5,18,89681,1815,2,47438.5,958805.5047811086,0.044057423314068055,medium
X7orruKUkkQ,Fashion,The Outfit 💖 The Look #outfitinspo #outfitideas #fashion #ootd #styleinspo #ootdootdfashion,91,11,0,0,0,0.04395604395604396,18,2966,8,6,14,8503,354,0,47438.5,958805.5047811086,-0.04060834007089771,medium
rW9T76nL7Uo,Fashion,Elegant Maroon Kurti Styling Ideas ✨ | Casual Chic Indian Fashion #shorts #fashion #meesho #trending,100,15,0,0,0,0.09,0,661,6,5,16,8275,0,2,47438.5,958805.5047811086,-0.040846135952192796,medium
Cay5lofy5Ec,Fashion,The Outfit 💖 The Looks ✨🤗 #fashion #minimalstyle #fashioninspo #styleinspo #ootdfashion #outfitinspo,100,12,0,0,0,0.04,0,1047,8,5,14,353567,0,11,47438.5,958805.5047811086,0.31928112476772635,high
AVDPgrF8UqE,Fashion,cordset collection from Myntra #fashion#ootd#short#shortvideo#trending#style#love#cute#ytshorts#song,100,5,0,0,0,0.01,27,1606,5,6,29,32348,705,17,47438.5,958805.5047811086,-0.01573885415212035,medium
bQlq3E2I1Ds,Fashion,#meesho #meesho #meeshodress #fashion #indianfashion #dress #meeshohaul #meeshofinds #style #trend,98,10,0,0,0,0.0,0,130,13,4,15,85796,310,18,47438.5,958805.5047811086,0.04000550665252685,medium
0lQ1Nr2BPXw,Fashion,Wear confidence ❤️✅💕 own the moment 👌💁 #ytshorts #shorts #style #shop #shopping #online #sale,93,14,0,0,0,0.010752688172043012,27,4107,3,0,55,1481,21,1,47438.5,958805.5047811086,-0.04793203602902959,medium
6zVVxG1IGzc,Fashion,Kashmiri Beauty in Traditional Style ✨,38,6,0,0,0,0.10526315789473684,4,1690,2,6,20,189877,3671,14,47438.5,958805.5047811086,0.14855828349934028,medium
19IORcOjHzA,Fashion,100%Pure cotton🥰 Pakistani style🤩 chikankari embroidered suits order no. 9818107317,83,10,1,0,0,0.024096385542168676,0,904,17,0,1628,398,29,2,47438.5,958805.5047811086,-0.049061566465181235,medium
Ob3cGwsJt_o,Fashion,Pretty in Pink Sharara Set 🌸✨#fashion#meesho#trending #outfit #style #ootd #song #shorts#reels,94,11,0,0,0,0.0425531914893617,0,609,4,6,19,20719,0,2,47438.5,958805.5047811086,-0.027867487062561196,medium
zrE05L6prBc,Fashion,Summer Fashion Trends 2026 (for indian men only) | BeYourBest by San Kalra,74,13,1,0,0,0.10810810810810811,19,3783,16,2,666,46602,2122,154,47438.5,958805.5047811086,-0.0008724397136111244,medium
CUkuw43O93c,Fashion,#beautiful #dress #style #fancy #new #collection #partywear #outfit #shorts #shortsfeed #ytshorts,97,11,0,0,0,0.0,0,0,6,5,16,9151,272,0,47438.5,958805.5047811086,-0.03993249914511169,medium
7OremS9Uh8E,Fashion,✨♥️New Trendy Party Wear Saree Design 2026 | ✨Beautiful Saree Design✨#youtub,76,11,1,0,0,0.11842105263157894,0,4784,15,6,9,29383,164,7,47438.5,958805.5047811086,-0.018831243573348068,medium
lmnmPs3HlIg,Fashion,STOP Wearing These Outdated Indian Trends in 2026 | What to Stop Buying That Look 'CHEAP' Now,93,17,1,0,0,0.21505376344086022,19,1502,7,5,537,170694,2452,251,47438.5,958805.5047811086,0.12855109757441238,medium
QpQxv8Q6JzY,Fashion,5 Best Mehendi Outfits for Bride 💚 traditional Indian wear. wedding wear #fashion #wedding #shorts,98,15,1,0,0,0.05102040816326531,35,291,6,0,16,1909,0,0,47438.5,958805.5047811086,-0.04748564726940549,medium
ZaiVR0EMTt0,Fashion,Rich Girl Ethnic Look 🤑 Wedding Guest Outfit 💫. #fashion #style #viral #ootd #lehenga  #classylook,98,15,0,0,0,0.07142857142857142,0,1198,10,6,17,21682,367,9,47438.5,958805.5047811086,-0.026863112353406965,medium
-lCpeGk_7cI,Fashion,stricts parents allowed outfits❤️#ootd#fashion#shorts #shortvideo#trending#style #cute#love#ytshorts,100,6,0,0,0,0.0,21,1747,6,0,15,298190,6640,35,47438.5,958805.5047811086,0.26152488565159576,medium
H-iENiv1mtw,Fashion,Luxury street fashion gone crazy 🔥 Full price reveal in video 👀,63,12,0,0,0,0.031746031746031744,11,831,7,1,10,55614,0,6,47438.5,958805.5047811086,0.008526755383894498,medium
T7EV9cUVKSg,Fashion,"Summer Season Ka Sabse Stylish Live 😍 | Premium Outfits, Imported Vibes & Trendy Fashion Dhamaka 💃👗",99,17,0,0,0,0.13131313131313133,27,4849,15,4,12877,27956,476,3,47438.5,958805.5047811086,-0.020319553760225623,medium
-AXUK3qeJPo,Fashion,Saree & Blouse Colour combinations 🌸💕 #fashioninfluencer #indianfashion,71,8,0,0,0,0.04225352112676056,9,741,11,5,42,251632,6256,12,47438.5,958805.5047811086,0.21296654950538332,medium
bGgyH7V3BIs,Fashion,imported grip summer fabric open kotset #outfitideas #shorts #youtubeshorts #video #fyp #dress,94,12,0,0,0,0.0,0,1607,15,6,33,48275,1000,7,47438.5,958805.5047811086,0.0008724397136111244,medium
fjFGWIcwbAA,Fashion,Indian Fashion Shines at Cannes! ❤️|Alia Bhatt||Cannes||Indian culture||India||Fashion| #shorts,95,9,0,0,1,0.10526315789473684,8,352,9,1,27,1761556,0,581,47438.5,958805.5047811086,1.7877635155957163,viral
Ar_yCkdr1cQ,Fashion,stylish imported (Maria B) viral design 3pc suit #outfitideas #shorts #youtubeshorts #viral #video,98,13,1,0,0,0.02040816326530612,0,1290,12,0,33,4792,125,3,47438.5,958805.5047811086,-0.044478780928292674,medium
oSKcQjBPMsA,Fashion,2026 trending Short kurti outfit ✨#ootd#fashion#shorts #shortvideo#trending#style#cute#love#ytshorts,100,7,1,0,0,0.01,22,1920,6,5,15,393989,8375,15,47438.5,958805.5047811086,0.3614398314068045,high
LfyNt4oxNsw,Fashion,The outfit🖤The look🫶 #fashion #minimalstyle #fashiontrends #outfitideas #fashion #ootdguide #song,97,10,0,0,0,0.020618556701030927,12,1707,13,3,11,32528,0,3,47438.5,958805.5047811086,-0.015551120561624233,medium
pPPchVuyP0o,Fashion,Fashion is the attitude you wear 💕👌💁✅ #shorts #ytshorts #shopping #shop #sale #style #online,92,14,0,0,0,0.010869565217391304,27,4000,6,0,36,697,9,0,47438.5,958805.5047811086,-0.04874972011207935,medium
Y-0aBTp9xm0,Fashion,THE SUMMER LOOK 🩵🤍 #fashion #indianfashion#girlsfashion#ootd #fashioninspo#style#love#summeroutfits,99,7,0,0,0,0.13131313131313133,5,828,8,2,11,30436,0,5,47438.5,958805.5047811086,-0.017733002068945777,medium
-d996Xr3yLk,Fashion,SPARKLE QUEEN DRESS - SHOHONA YALTIROQ LIBOS 👑👗 #fashion #wedding #dress #style #beautiful #shorts,98,14,0,0,0,0.37755102040816324,0,0,8,4,15,138354,977,23,47438.5,958805.5047811086,0.0948216291486099,medium
UXGoyYkadRQ,Fashion,SATIN COTTON WITH MACHINE EMBROIDERY WITHOUT LINING #komalscollection #trendingnow #fashion,91,10,0,0,0,0.4945054945054945,0,2591,13,0,43,1341,14,0,47438.5,958805.5047811086,-0.048078051043859905,medium
4atoGXoDeAo,Fashion,#meesho #meeshodress #funny #indianfashion #saree,49,5,0,0,0,0.0,0,97,4,6,16,61033,188,7,47438.5,958805.5047811086,0.014178579422219284,medium
kzcJmvo_Udo,Fashion,#meesho #meeshodress #funny #fashion #indianfashion #saree #meeshohaul #trendingshorts,86,8,0,0,0,0.0,0,60,11,5,15,30637,167,1,47438.5,958805.5047811086,-0.017523366226225114,medium
EiD55Wk3vN0,Fashion,Men Look🔥Best in Short Kurta 😍 | Indian Outfit Style 2026 #shorts,65,12,1,0,0,0.12307692307692308,10,65,2,1,10,152279,0,13,47438.5,958805.5047811086,0.1093449083022679,medium
7NxrSzP9nr0,Fashion,Nitu Bist Stunning Designer Outfit Breakdown 😍 #shorts #fashion #celebrityfashion #nitubisht,92,11,0,0,0,0.06521739130434782,0,908,0,0,10,774,14,0,47438.5,958805.5047811086,-0.04866941185392268,medium
ARmZPKKzITg,Fashion,Indians Slaying at Cannes 2026...! #indian #cannes #cannesfilmfestival #shorts,78,9,1,0,1,0.038461538461538464,16,264,10,5,55,649962,9988,209,47438.5,958805.5047811086,0.6284105556293752,high
f4wUMAb4edA,Fashion,₹35000😱 VS ₹350😂#hardikpandya #style #shorts #fashion #mensfashion,66,7,1,0,0,0.030303030303030304,0,1285,6,4,8,4052538,10772,60,47438.5,958805.5047811086,4.177176163495586,viral
UES7_oogKgY,Fashion,2 Pants Every Guy Needs in 2026 👖🔥|Malayalam| #glowup #menfashion,65,10,1,0,0,0.07692307692307693,0,543,11,0,28,195440,3719,5,47438.5,958805.5047811086,0.15436029441006197,medium
yPIm4kg1EU0,Fashion,Oye Hoye💗 Ye Pink Lehenga🤌🥰 #indianfashion #ootdguide #ootd #viral #desilook,76,10,0,0,0,0.06578947368421052,0,394,2,4,12,173473,2562,39,47438.5,958805.5047811086,0.1314494956187941,medium
VNVvz-CK1pk,Fashion,✨Wedding Guest Outfit Collection 2026 💖#shorts #dress #fashion #trending #weddingguest #viral #yt,97,12,1,0,0,0.041237113402061855,5,1455,12,6,11,248962,3352,4,47438.5,958805.5047811086,0.2101818345796909,medium
7iIl2EpibqI,Fashion,Coachella outfits #coachella,28,3,0,0,0,0.03571428571428571,0,0,13,6,8,4309901,44531,1544,47438.5,958805.5047811086,4.4455966082225435,viral
culvOciUmHI,Fashion,Top 7 Attractive Outfit Ideas For Summer #mensfashion #polotshirt #oldmoney #outfitideas #summer,96,12,1,0,0,0.0625,0,2364,12,5,24,269694,10644,31,47438.5,958805.5047811086,0.23180457234727708,medium
ufIsyIh0k3A,Fashion,Streetwear Looks Every Guy Should Try 👟🔥 #mensfashion #fashiontips #streetwear,78,10,0,0,0,0.07692307692307693,16,740,13,0,27,654,0,0,47438.5,958805.5047811086,-0.04879456758092009,medium
lQX93NUrwks,Fashion,✨♥️New Trendy Party Wear Saree Design 2026 | ✨Beautiful Saree Design✨#youtub,76,11,1,0,0,0.11842105263157894,13,4945,15,3,8,116230,805,5,47438.5,958805.5047811086,0.07174708494785376,medium
pNeI6mTqIXg,Fashion,Top 5 Summer Dresses for Girls You NEED in 2026❤️✨,50,10,1,0,0,0.18,3,1548,3,3,16,3219509,42738,73,47438.5,958805.5047811086,3.308356579287862,viral
DFDnsgxw5Q4,Food,PANEER ROLL By Granny | Indian Street Food | Paneer recipes | Street Food | Kathi Roll-Village Food,99,18,0,0,0,0.2222222222222222,14,99,7,3,602,245203,4089,96,347821.5,520407.7070472407,-0.19718866306237212,medium
qc7iiJE027o,Food,Best Indian Street Food in Old Delhi!! (Sells Out in 30 Minutes),64,12,1,0,1,0.140625,25,2053,11,2,1659,1495750,25024,1153,347821.5,520407.7070472407,2.205825325903168,viral
Q2v9RQoZoO8,Food,100+ Cheese Samosas! 🧀 By Granny || Street Samosa | Indian Recipes | cheese recipes | Perfect Samosa,100,18,1,0,1,0.1,14,100,10,6,526,363056,4919,93,347821.5,520407.7070472407,0.0292741629182234,medium
czXtRTI5KGk,Food,I cooked 🇮🇳 Indian street food for 24 HOURS😱,44,9,1,0,0,0.1590909090909091,1,300,10,5,1897,332587,9902,330,347821.5,520407.7070472407,-0.0292741629182234,medium
c3pm0GgHWGA,Food,Street Style Ragda Chaat | Indian Street Food | Easy Chaat Recipe | Kunal Kapur Recipes,87,16,0,0,0,0.14942528735632185,6,2254,11,3,516,48725,1248,70,347821.5,520407.7070472407,-0.5747349548242742,low
H6idfFmIiUk,Food,World’s Heaviest Indian Street Food Plate | Non-Stop Meat Cooking,65,10,0,0,0,0.15384615384615385,18,617,11,6,737,735294,3272,193,347821.5,520407.7070472407,0.7445556527179308,high
D97RSu926Sc,Travel,TOP 10 HONEYMOON Destinations from India | Best Honeymoon Places Budget to Luxury | Cost & Itinerary,100,17,1,0,0,0.21,13,4993,14,6,1764,880,19,1,81207.0,1623610.6524731375,-0.04947429968979524,medium
saxHa1A2FNM,Travel,Ep:04 India's First Village - Mana VillageBadrinath Dham || Char Dham,69,11,1,0,0,0.14492753623188406,11,774,4,5,1261,28416,1237,66,81207.0,1623610.6524731375,-0.03251456863724502,medium
Ak4S6X1GGYc,Travel,Visiting India’s Closest Village to Sky | Himachal Pradesh,58,9,0,0,0,0.1206896551724138,22,1785,12,4,1646,3022494,72812,4134,81207.0,1623610.6524731375,1.8115716323490083,viral
8hrz0FZXU_Y,Travel,Top 10 Best Low Budget Summer Destinations In India 2026 😍☀️|| Summer Paradise😱 || Explore India🔥||,99,16,1,0,0,0.12121212121212122,15,4033,14,5,505,4935,0,4,81207.0,1623610.6524731375,-0.04697677973707549,medium
6sHA_WvYFKE,Travel,#1193 Going to the last village of India #csktrip #therainbowgirlvlogs #shorts,78,11,1,0,0,0.02564102564102564,0,885,13,5,90,110346,10611,95,81207.0,1623610.6524731375,0.01794703672066607,medium
FF7m7WzHlTc,Travel,😱 #song #dhakatobarishal #travelblog #barishaltravels #travelwebsite #travel #vlog 😱,84,9,0,0,0,0.0,0,0,7,6,32,23623,314,4,81207.0,1623610.6524731375,-0.03546663106224768,medium
mWgW2hsFWeA,Travel,Flying To India's Most Beautiful Islands 🇮🇳😍 |Andaman & Nicobar| #EP-1,70,11,1,0,0,0.14285714285714285,24,829,5,5,2901,509896,14552,315,81207.0,1623610.6524731375,0.2640343602987617,medium
Z0wPXRt8KeE,Travel,지상 최악의 여행지라는 인도 입국 브이로그 - 인도(1),31,8,1,0,0,0.0,14,399,10,0,1312,169163,5539,896,81207.0,1623610.6524731375,0.05417308630367909,medium
ErHhEIcqwew,Travel,Our Baby's First Trip! 🇮🇹 | World's Most Beautiful City,55,10,0,0,1,0.14545454545454545,22,1047,16,4,737,3549941,121787,5619,81207.0,1623610.6524731375,2.1364321518316656,viral
ykkcvEhgM6E,Travel,"Bali Travel Guide 2026 | Budget, Itinerary, Scooty Rent, Packages & Tips | Bali Tourist Places",94,16,1,0,0,0.1276595744680851,27,1922,5,6,933,140472,1877,91,81207.0,1623610.6524731375,0.03650197780466985,medium
wF7JywhqeRM,Travel,Sikkim Tour 2026 | Sikkim Tourist Places | Sikkim Tour Package | Sikkim Travel Guide | Sikkim Trip,98,18,1,0,0,0.1326530612244898,9,2901,5,5,2152,517146,4951,233,81207.0,1623610.6524731375,0.26849971656441357,medium
rxwg_HgELb0,Travel,Top 10 Best Places to Visit in July in India 2026 🌧️🇮🇳 | Mansoon Destinations 😱 | Explore India 🔥 |,99,21,1,0,0,0.10101010101010101,13,3361,14,6,369,8397,0,2,81207.0,1623610.6524731375,-0.0448444951313256,medium
BBCfAzgv1jg,Travel,Finally Our Train Journey with Family ❤️  Best Trip of Our Life,63,12,0,0,0,0.14285714285714285,34,919,2,6,1080,649491,23657,2049,81207.0,1623610.6524731375,0.350012485526854,high
_i9_1jGuULc,Travel,സെന്റ് മേരീസ് ഐലൻഡും ഉഡുപ്പി ഫുഡ് ടൂറും | Hidden Beach Paradise & Udupi Evening Street Food Tour,96,16,0,0,0,0.08333333333333333,25,1450,14,0,1338,11361,434,133,81207.0,1623610.6524731375,-0.043018934307685316,medium
ptzGUXGD-N0,Travel,हमारी पहली विदेश यात्रा😍 India to bhutan by road 🚙 Ep-01 ,57,11,1,0,0,0.03508771929824561,0,1566,12,2,2438,221063,6899,1162,81207.0,1623610.6524731375,0.08613887805365573,medium
Mh7dl2IIs3I,Travel,Himachal Complete Tour Plan 2026 | Shimla | Manali | Dharamshala | Dalhousie Itinerary + Budget,95,16,1,0,0,0.10526315789473684,18,1932,12,2,2085,84610,1065,147,81207.0,1623610.6524731375,0.0020959458444156165,medium
V2wUHRqLeJk,Travel,GIRLS TRIP TO JAIPUR??? *chaos*,31,5,0,1,0,0.5483870967741935,21,1381,15,6,1635,38128,0,499,81207.0,1623610.6524731375,-0.026532838974898717,medium
wz7NDeHbCS4,Travel,"FIRST TIME At Athirappilly Waterfalls, Kerala! | The ‘Niagara of South India’ is UNREAL! 😲🇮🇳",92,15,0,0,1,0.25,10,1409,12,6,15,5889,280,8,81207.0,1623610.6524731375,-0.04638920044363661,medium
qktrf0dp2to,Travel,most beautiful places in India #travel #nature #kashmir #explore #yt short,74,11,0,0,0,0.013513513513513514,0,408,9,0,16,175834,2932,17,81207.0,1623610.6524731375,0.058281829979287846,medium
VYrKNj5fAYY,Travel,Kolkata to Darjeeling by Bus | KOLKATA TO DARJEELING | BUS JOURNEY | Travel Vlog,80,15,0,0,0,0.425,21,2362,12,5,1435,1171,15,2,81207.0,1623610.6524731375,-0.04929506952796012,medium
1HwRSOh5zR0,Travel,Living 5 DAYS on India's Biggest Cruise Ship,44,8,1,0,0,0.20454545454545456,2,1084,13,2,1477,10705863,263554,7222,81207.0,1623610.6524731375,6.543844722757991,viral
hCcHjLtTwqU,Travel,Secret Indian destinations that don't feel real 😍 #travel #explore #shorts  #facts,82,12,0,0,0,0.024390243902439025,25,1476,13,0,46,69,3,0,81207.0,1623610.6524731375,-0.04997380368033919,medium
BnodyzpfNG4,Travel,Meghalaya travel | Beautiful and underrated tourist destination in India #shorts #northeastindia,96,12,0,0,0,0.03125,0,643,12,0,33,999,0,0,81207.0,1623610.6524731375,-0.049401006255917645,medium
PByK6EOfdjw,Travel,Shimla Manali Tourist Places 2026 | Shimla Manali Tour Guide | Shimla Manali Tour Plan & Budget,95,17,1,0,0,0.1368421052631579,20,3195,13,6,1498,111962,792,60,81207.0,1623610.6524731375,0.018942349234499643,medium
94_DbeDX0WE,Travel,Overnight Camping In Rain Forest | Camping with Friends | Trip Sense #vlog ,75,13,0,0,0,0.12,0,2670,14,5,2120,27038,1778,220,81207.0,1623610.6524731375,-0.0333632942833234,medium
Mg8rRhkzpZ0,Travel,Top 5 Summer Destination in India 2026 l Best Places to Visit in Summer 🌞 l #shorts,83,17,1,0,0,0.0963855421686747,17,1159,7,1,20,18312,429,8,81207.0,1623610.6524731375,-0.03873773549354105,medium
-77vuDXTDHc,Travel,"Top 10 Best Places To Visit In India This Summer | 2026 Travel Guide | May, June, July Edition",94,19,1,0,0,0.1595744680851064,15,2978,15,4,1369,37359,337,15,81207.0,1623610.6524731375,-0.02700647469466234,medium
oipMa_btYqY,Travel,സിംഗപ്പൂരിലെ വെറൈറ്റി ഫുഡും കാഴ്ചകളും | Singapore Travel Vlog Malayalam - Chinatown & Little India,98,14,0,0,0,0.07142857142857142,16,2835,8,4,841,31650,324,43,81207.0,1623610.6524731375,-0.030522711787159772,medium
fPPEvJddr14,Travel,Gangtok sikkim Tour 2026 | Gangtok Tourist Places | Gangtok Tour Guide | Sikkim Tour Plan,89,16,1,0,0,0.12359550561797752,7,3344,5,5,1718,58342,686,51,81207.0,1623610.6524731375,-0.014082809795052328,medium
2pzTndY0Stg,Travel,Rishikesh Darshan | Rishikesh Tourist Places | Complete Travel Guide | Rishikesh Vlog | Uttarakhand,99,15,0,0,0,0.1111111111111111,20,1432,16,0,705,260506,1812,99,81207.0,1623610.6524731375,0.11043226387242891,medium
uWAdnDH6IJQ,Travel,Kaza Spiti Valley 2026 | Spiti Valley Tour | Spiti Valley Tourist places | Spiti Valley Tour plan,97,18,1,0,0,0.12371134020618557,9,3030,13,4,1794,79114,622,52,81207.0,1623610.6524731375,-0.0012891021605530076,medium
qRPm4OO7qmo,Travel,"Dharamshala McLeodganj Complete Travel Guide 🇮🇳 | Tourist Places, Budget, Itinerary, Scooty Rent",96,13,0,0,0,0.125,20,1405,6,5,978,111576,1639,89,81207.0,1623610.6524731375,0.018704607507804248,medium
OcvQE-ddhYs,Travel,Mana Village Vlog 2026: Caravan Camping at INDIA'S FIRST VILLAGE! Best Camping Site in Badrinath,96,15,1,0,1,0.28125,0,2635,12,4,1938,20759,714,225,81207.0,1623610.6524731375,-0.03723060076498242,medium
6Tm1UNdciJ4,Travel,Hello TURKEY 🇹🇷: First Time From INDIA 🇮🇳,41,8,0,0,0,0.36585365853658536,21,2965,13,6,2604,83300,2051,363,81207.0,1623610.6524731375,0.0012891021605530076,medium
4gb1pcfvgCg,Travel,Top 10 Best Places in Kashmir | Kashmir Travel Guide 2026 🌿🇮🇳,61,12,1,0,0,0.11475409836065574,8,1096,9,4,496,170707,1080,28,81207.0,1623610.6524731375,0.05512405321046067,medium
xHpNRQPb_c0,Travel,Link down to watch RISHIKESH VLOG⭐️#youtube #fyp #shorts #rishikesh #riverrafting #trip #travel #fy,99,13,0,0,0,0.1414141414141414,0,0,10,5,19,3893,0,3,81207.0,1623610.6524731375,-0.047618559216911244,medium
TPQN-5GYSIY,Travel,Niti valley - Most beautiful valley in Uttarakhand | Niti Village | Uttarakhand,79,13,0,0,0,0.0759493670886076,18,1746,13,6,1216,179989,2856,152,81207.0,1623610.6524731375,0.06084094105291314,medium
5tg4EfBRtms,Travel,What we did on Day 1 in Vietnam #familyvlog #familytrip #vietnam,64,11,1,0,0,0.046875,9,23,8,4,56,76766,1577,66,81207.0,1623610.6524731375,-0.0027352616794151493,medium
sCXHSOkUuRU,Travel,I Felt Ashamed After Visiting Uruguay 🇺🇾 (I Was Living a Lie..),63,12,0,0,0,0.15873015873015872,20,1019,7,1,3253,637395,17371,2630,81207.0,1623610.6524731375,0.3425624235421196,high
Nqv4VkA153E,Travel,Why Do People Buy Luxury Items from Dubai? | Dubai vs India Shopping Comparison,79,14,0,1,0,0.13924050632911392,10,1328,12,0,28,1240,20,0,81207.0,1623610.6524731375,-0.04925257165453529,medium
ilIirev8GgU,Travel,India to Bhutan 🇮🇳🇧🇹 The Border Difference Shocked Me ( Completely different World ),84,14,0,0,0,0.10714285714285714,17,2519,14,2,2499,38356,772,70,81207.0,1623610.6524731375,-0.02639241121923408,medium
B1xYY-cv6CA,Travel,Bangalore’s Famous Techie Ganesha 😳🙏 | Koramangala Vibes 🇮🇳,59,9,0,0,0,0.1016949152542373,15,1026,13,6,19,479554,6071,150,81207.0,1623610.6524731375,0.24534638239360199,medium
kk5vgMdYO9Q,Travel,🌴 Dream Destination Alert!   #Travel #TravelShorts #Adventure #TravelVlog #Explore #Nature #Vacation,100,11,0,0,1,0.12,0,0,17,4,60,168,0,0,81207.0,1623610.6524731375,-0.049912828470642705,medium
QrvPD_jBr-w,Travel,Buying A Beautiful Indian Mountain Village Home,47,7,0,0,0,0.14893617021276595,26,2014,13,1,1623,324776,7838,345,81207.0,1623610.6524731375,0.15001687727842117,medium
CsA0FCD8TlQ,Travel,Exploring India | Dream Trip To Tawang | Travel | Food | Vithika Sheru | EP - 256,81,18,1,0,0,0.14814814814814814,21,1122,11,5,1502,383759,5062,102,81207.0,1623610.6524731375,0.1863451681221374,medium
k277CSfNJgw,Travel,Handawada water fall❤️ #video #armylover #viral #indianarmy #youtube#shorts,75,8,0,0,0,0.013333333333333334,0,75,0,5,14,17390,726,9,81207.0,1623610.6524731375,-0.03930560562829015,medium
dav2w_DymGA,Travel,World’s Cheapest Country for Indians? 🇱🇦 Laos Travel Guide 2026#budgettravel #shortsfeed,88,11,1,1,0,0.07954545454545454,0,1105,2,1,30,895242,7655,590,81207.0,1623610.6524731375,0.5013732810634342,high
TB3JOTW0uLM,Travel,Hidden Mountain Places in India You’ll Want to Escape To 😳,58,11,0,0,0,0.13793103448275862,8,1369,8,0,18,1287,14,0,81207.0,1623610.6524731375,-0.04922362382770969,medium
ig_aIvcm0f4,Travel,Bali 😍 Exploring Our Dream Destination,38,6,0,0,0,0.13157894736842105,19,1848,13,1,1188,1523002,27279,621,81207.0,1623610.6524731375,0.8880177016600687,high
wY5ZDzZPk3c,Travel,I Visited An Abandoned City In India- LAVASA,44,8,0,0,0,0.29545454545454547,22,354,8,6,940,1452992,70646,2816,81207.0,1623610.6524731375,0.8448977579140983,high
IV7SvFImbsg,Music,Best Hindi Love Songs ❤️ Trending Bollywood Songs 2026 | New Romantic Songs | New song 2026,91,17,1,0,0,0.12087912087912088,22,2894,3,6,2574,263414,884,3,1254999.0,36376960.49294867,-0.027258599579594048,medium
7XOkgESigr4,Music,Nonstop Hindi Dj Songs 💞 Trending Dj Songs 2026 💞 Hard Bass Boosted 💞 Hindi Dj Remix 💞Dj Vishal Bhai,100,20,1,0,0,0.16,28,2575,0,6,1247,136579,578,13,1254999.0,36376960.49294867,-0.030745284510969383,medium
C3gvQ9MyzeE,Music,RR: OFFICIAL VIDEO | AMRIT MAAN | DEEP JANDU | LATEST PUNJABI SONGS 2026 | ,75,15,1,0,0,0.68,8,1562,4,0,176,824676,5959,113,1254999.0,36376960.49294867,-0.011829547993252872,medium
P-qnieJk9zA,Music,SALAY SALAY | NEW NAGPURI SONG 2026 | NAGPURI VIDEO | ABHISHEK & RIMJHIM | VINAY & NIRMALA KISKU,96,19,1,0,0,0.7083333333333334,17,2245,1,6,197,212533,3953,71,1254999.0,36376960.49294867,-0.028657314571459924,medium
XAlEld_WLS4,Music,New Song 2026 | New Hindi Song | Ishq Mohabbat Tum | Tiger Shroff | Disha Patani | New Song,91,20,1,0,0,0.15384615384615385,26,2936,12,6,163,85010,546,21,1254999.0,36376960.49294867,-0.03216291257283003,medium
1LwraTqfxnM,Music, New Song 2026 | Dil Tera Ho Gaya | Ranveer Singh | Sara Arjun | New Hindi Song | Romantic Song 2026,100,22,1,0,0,0.15,22,2914,2,0,303,6332677,27178,284,1254999.0,36376960.49294867,0.13958499916407968,medium
8bwXIxXZRdE,Music,New Song 2026 | Diwana Ye Dil | Ranveer Singh | Sara Arjun | New Hindi Song | Romantic Song 2026,96,21,1,0,0,0.14583333333333334,22,2914,2,6,323,3359566,12849,135,1254999.0,36376960.49294867,0.05785439386580828,medium
vyaY4mZVXWw,Music, New Song 2026 | Teri  Yaadon Mein | Tiger Shroff | Sonam Bajwa| New Hindi Song | Romantic Song 2026,100,20,1,0,0,0.14,22,2914,2,1,324,4604530,21037,389,1254999.0,36376960.49294867,0.09207836373930348,medium
fBhOeAgo-FU,Music,New Song 2026 | New Hindi Song | Ek Nazar | Ranveer Singh | Sara Arjun | Romantic Song | New Song,97,22,1,0,0,0.15463917525773196,27,2823,12,3,238,5454620,23072,508,1254999.0,36376960.49294867,0.11544727605304067,medium
5GrK4oB_r1c,Music,Latest Top 20 Bollywood Songs ❤️ Trending Romantic Songs | Best Hindi Love Song | New Songs 2026,96,18,1,0,0,0.13541666666666666,26,4697,3,4,5124,398956,1215,29,1254999.0,36376960.49294867,-0.023532559851061105,medium
QFfkX958OwY,Music,#Video || #डालs हथियार राजा || #Jitu Jitendra || #Romantic Bhojpuri VIdeo Jukebox || #New Songs 2026,100,17,1,0,0,0.1,30,4358,7,5,993,31842,165,3,1254999.0,36376960.49294867,-0.03362449702847211,medium
ZRoI8iGPPYs,Music,Yaar Khadane Aa (Official Video) | R Nait Ft. Labh Heera | Punjabi Songs 2026,77,15,1,0,0,0.15584415584415584,22,1256,6,6,198,3293494,7757,311,1254999.0,36376960.49294867,0.05603807938805505,medium
OnrPl9pUEww,Music,Tu Chala Gaya – Aarzoo Khaan | Emotional Hindi Sad Song | New Song 2026 | Arijit Singh Vibe,91,19,1,0,0,0.15384615384615385,31,2924,2,5,339,221073,1261,28,1254999.0,36376960.49294867,-0.02842255059216442,medium
BAYixBHQM70,Music,Tere Dur Jaane Se – Aarzoo Khaan | Emotional Hindi Sad Song | New Song 2026 | Arijit Singh Vibe,95,20,1,0,0,0.15789473684210525,29,2991,2,4,404,1664510,11408,192,1254999.0,36376960.49294867,0.011257427625911181,medium
8vmJU680P2U,Music,New Song 2026 | New Hindi Song | Tune Nazrein Jhukai | Salman Khan | Jacqueline | New Song,90,19,1,0,0,0.14444444444444443,26,2651,12,1,221,1050703,6622,114,1254999.0,36376960.49294867,-0.005616082191352981,medium
T74OULE_a3E,Music,New Song 2026 | Tere Liye Soniye | Ranveer Singh | Sara Arjun | New Hindi Song | Romantic Song 2026,99,21,1,0,0,0.1414141414141414,22,2914,2,4,350,868639,4889,75,1254999.0,36376960.49294867,-0.010621008318572746,medium
7gEm5fDwhuA,Music, New Song 2026 | Tere Bina Ye Dil | Tiger Shroff | Sonam Bajwa | New Hindi Song | Romantic Song 2026,100,22,1,0,0,0.15,22,2914,2,0,274,2045868,11195,195,1254999.0,36376960.49294867,0.021740931328039417,medium
H0WWmrRWGgo,Music,"NEW! Indian Idol S16 - With A.R. Rahman, Vedang, Sharvari, Imtiaz Ali | Ep 66 | 31 May 2026 | Teaser",100,21,1,0,1,0.17,22,2510,16,6,223,35399,365,18,1254999.0,36376960.49294867,-0.03352671535700207,medium
Xe3SOCIkh34,Music,New Song 2026 | New Hindi Song | Tere Ishq Ki Galiyon Se | Tiger Shroff | Sonam Bajwa | New Song,96,22,1,0,0,0.16666666666666666,26,2996,13,5,177,1584187,6813,122,1254999.0,36376960.49294867,0.009049354193949491,medium
jbz467xxVMY,Music,If Disney Princesses were Indian..🪷✨ | Lyrics |,47,8,0,0,0,0.10638297872340426,20,2903,12,0,26,2359003,83808,463,1254999.0,36376960.49294867,0.030348989718753456,medium
27QmkvKQLDk,Music,Ada Bommale - Video Song | Vaazha 2 | Rzee | Ankit Menon | Vipin Das | Savin Sa | Hashir,88,21,1,0,0,0.14772727272727273,26,1871,12,0,186,24788797,150776,3501,1254999.0,36376960.49294867,0.6469423965359008,high
D6tboRoteng,Music,Nonstop New Dj Song 💞 Trending Dj Songs 2026 💞 Hard Bass Boosted 💞 Dj Remix Song 2026💞Dj Vishal Bhai,100,20,1,0,0,0.16,26,2575,0,5,1191,128075,504,13,1254999.0,36376960.49294867,-0.03097905885288144,medium
u8fRnqumqho,Music,🫀😫Sad Song ~💔Emotional song ||sad Gana #sadstatus #love #sad #yt #ytshorts #love#sadsong#brokenheart,100,12,0,0,0,0.04,0,3728,17,6,11,18957,634,5,1254999.0,36376960.49294867,-0.03397870474196422,medium
b68HETiNO98,Music,@SaiAbhyankkar - Pavazha Malli (Music Video) | Kayadu | Shruti Haasan | Vivek | Thejo | Think Indie,99,18,0,0,0,0.13131313131313133,19,4049,13,3,309,192653777,1055118,27822,1254999.0,36376960.49294867,5.261538495969195,viral
R9Jbt4l0RWI,Music,New Song 2026 | New Hindi Song | Ab Soch Liya Dil Ne | Shahid Kapoor | Kriti Sanon | New Song,93,22,1,0,0,0.17204301075268819,25,2934,13,2,223,1815737,8814,106,1254999.0,36376960.49294867,0.015414646864426557,medium
g6znix26hu8,Music,Tham Ke Baras Dj | 90s Romantic Love Songs | Hindi Old Song Remix | Hindi Dj Song | Dj Naresh |,95,22,1,0,0,0.16842105263157894,25,3732,0,5,320,238937,1073,14,1254999.0,36376960.49294867,-0.027931470530556116,medium
cGsnmjbZx90,Music, New Song 2026 | Tere Kareeb Ye Dil | Tiger Shroff | Sonam Bajwa| New Hindi Song |Romantic Song 2026,100,20,1,0,0,0.15,22,2914,2,2,376,1459295,6160,83,1254999.0,36376960.49294867,0.005616082191352981,medium
95HD3Cpkr1k,Music,Vibes of Love Mashup 2026 | Rolex Music | Love Mashup | Romantic Songs | Arijit Singh | Mashup Songs,100,20,1,0,0,0.13,23,1681,12,5,2142,5342945,24054,230,1254999.0,36376960.49294867,0.11237733841980584,medium
E9GNQb2x-5s,Music,Best Romantic Songs ❤️  Trending Bollywood Songs 2026 | New Hindi Love Song | New song 2026,91,17,1,0,0,0.12087912087912088,22,2868,3,2,2375,649911,2800,73,1254999.0,36376960.49294867,-0.01663382514097874,medium
rETGZik4r10,Music,Jugni – Kulbir Jhinger | Latest Punjabi Song 2026 | New Punjabi Songs 2026 | Speed Records 🌟,92,18,1,0,0,0.11956521739130435,18,1926,4,6,226,34562,653,28,1254999.0,36376960.49294867,-0.033549724426167216,medium
Aze7zTyIRtk,Music,Aura 10/10 - Music Video | Meesaya Murukku 2 | Hiphop Tamizha | Ketika Sharma,77,15,1,0,0,0.11688311688311688,20,3100,12,2,141,111412119,512369,9244,1254999.0,36376960.49294867,3.0282112223574287,viral
g_rcidLiiuw,Music,Trending Vibes of Love Songs Mashup 2026 | Romantic Songs Nonstop Jukebox | VDJ Royal,85,15,1,0,0,0.15294117647058825,0,1796,9,4,2510,92928,580,9,1254999.0,36376960.49294867,-0.0319452473283263,medium
3_JGrIyQs9Q,Music, New Song 2026 | Teri Nasheeli Raate | Tiger Shroff | Rasha Th.| New Hindi Song | Romantic Song 2026,100,20,1,0,0,0.14,22,2914,2,5,365,333100,1488,15,1254999.0,36376960.49294867,-0.025342936504513656,medium
ITFYDGPHRg8,Music,GURU RANDHAWA - “PARIS” MV,26,5,0,0,0,0.7307692307692307,3,1364,5,3,137,23367295,176730,7986,1254999.0,36376960.49294867,0.607865409873545,high
4t3CO6zGtA0,Music,KULBIR JHINJER: KALLA KALLA TAARA | Deep Jandu | Geet Goraya | New Punjabi Song 2026,84,16,1,0,0,0.4166666666666667,23,2833,11,4,199,7899887,52242,1155,1254999.0,36376960.49294867,0.18266748815608297,medium
NUEpZi-vbTE,Music,New Song 2026 | Ranveer Singh | Sara Arjun | New Hindi Song | Romantic Song 2026 | New Song,91,20,1,0,0,0.14285714285714285,27,2212,1,3,344,25706,162,5,1254999.0,36376960.49294867,-0.033793175222495205,medium
rS3-P_X3KOA,Music,Adaavadi Video Song | LIK | Pradeep Ranganathan | Anirudh Ravichander | Krithi Shetty,85,14,0,0,0,0.1411764705882353,16,2714,11,0,196,4016438,25532,496,1254999.0,36376960.49294867,0.07591175740302103,medium
giA1Y3VB3CM,Music,KALYANI - ARJN x KDS x FIFTY4 x RONN | What We Cookin?,54,13,1,1,0,0.48148148148148145,15,757,10,3,237,33063496,221616,3585,1254999.0,36376960.49294867,0.8744132706240196,high
JP-dnLHVcXQ,Music,"NEW! Indian Idol S16 - With A.R. Rahman, Vedang, Sharvari, Imtiaz Ali | Ep 65 | 30 May 2026 | Teaser",100,21,1,0,1,0.17,22,2438,16,5,565,92372,978,42,1254999.0,36376960.49294867,-0.0319605317279151,medium
DEd37hP36tg,Music, New Song 2026 |Raat Adhoori Si| Ariyan Khan |Rashmika Mandanna| New Hindi Song | Romantic Song 2026,100,17,1,0,0,0.14,22,2814,2,5,360,5379296,27928,480,1254999.0,36376960.49294867,0.11337662476774153,medium
T1Q2-sAJuXk,Music, New Song 2026 | Dil Ka Afshana | Said Kapoor | Kriti Sanon | New Hindi Song | Romantic Song 2026,97,21,1,0,0,0.14432989690721648,22,2914,2,3,355,1016089,4433,80,1254999.0,36376960.49294867,-0.006567618535537361,medium
krLTxD-h-S8,Music,Verappa Extended - Lyric Video | Suriya's Karuppu | RJ Balaji |  @SaiAbhyankkar  | Dream Warrior,96,16,0,0,0,0.13541666666666666,27,2578,5,2,277,15608291,125052,3166,1254999.0,36376960.49294867,0.39457095385366925,high
F2m4HPLvj-4,Music,JAIYE SAJANA (Video): Dhurandhar The Revenge | Ranveer Singh | Shashwat S | Satinder S | Jasmine S,98,18,0,0,0,0.23469387755102042,22,3107,6,6,152,141457806,868918,11388,1254999.0,36376960.49294867,3.8541649742060495,viral
Ugum6YwKBJA,Music,BLACK BULL(FULL VIDEO)AMRIT MAAN|DEEP JANDU|MAAN MADE |LATEST PUNJABI SONGS 2026 ,81,10,1,0,0,0.7654320987654321,8,1537,4,0,158,1758947,19204,1100,1254999.0,36376960.49294867,0.013853493892038767,medium
bmcnos89vKE,Music,New Song 2026 | Aditya Roy Kapur | Sonam Bajwa | New Hindi Song | Romantic Song 2026 | New Song,95,21,1,0,0,0.14736842105263157,27,3179,1,5,286,137809,718,18,1254999.0,36376960.49294867,-0.030711471900368274,medium
u5Fsuv2uU-s,Music,Pyaar Aa Gaya - Romantic Song | Latest Song | Cover Song | New Version | Ashwani Machal,87,18,0,0,0,0.14942528735632185,24,1699,12,1,199,36399,428,49,1254999.0,36376960.49294867,-0.0334992254296841,medium
lLBL6Y6N21c,Music, New Song 2026 | Dil Sambhal Na S.| Tiger Shroff | Sonam Bajwa | New Hindi Song | Romantic Song 2026,100,21,1,0,0,0.15,22,2914,2,6,417,1514283,7897,115,1254999.0,36376960.49294867,0.007127698314713779,medium
vakZh1XvfQI,Music,Nonstop Dj Remix Song 💞 Trending Dj Songs 2026 💞 Top Best Dj Songs 💞 Dj Song 2026 💞 Dj Vishal Bhai,98,22,1,0,0,0.16326530612244897,27,2574,2,4,1197,130218,516,6,1254999.0,36376960.49294867,-0.03092014793863902,medium
hu_qjwqTUmg,Music,Karuppa Kooda Va - Lyric Video | Karuppu | Suriya | RJ Balaji | @SaiAbhyankkar  | VM Mahalingam,95,18,0,0,0,0.15789473684210525,23,2597,15,1,259,22882652,202747,7540,1254999.0,36376960.49294867,0.5945426090283797,high
mBU9cnq6OnY,Music,New Song 2026 | New Hindi Song | Ishq Mukammal Ho Gaya | Shraddha Kapoor | Aditya Roy | New Song,96,21,1,0,0,0.15625,25,3032,12,2,217,200912,963,32,1254999.0,36376960.49294867,-0.02897677501682211,medium
IrnCq96XO98,Gaming,Modified Mahindra Thar😈Games:Indian Red Thar (Gadi Wala Games) Car Game Android Game - #2025,92,14,1,0,0,0.15217391304347827,0,101,10,0,289,235731,581,67,259897.5,90682455.75342959,-0.00026649587066444245,medium
uOd5c-Ud0cA,Gaming,XXL XXL XXL XXL FREESTYLE 2024 |XXL 2025 | Xxwd5000xa | XXL XXL XXL XXL FREESTYLES,82,16,1,0,0,0.573170731707317,0,2171,7,0,64,9998,7,0,259897.5,90682455.75342959,-0.0027557645844912934,medium
vJ8jm-mHBGU,Gaming,Youtube Channel Kaise Banaye | How To Create A Youtube Channel | Youtube Channel Kaise Banaen 2025,98,17,1,0,0,0.14285714285714285,15,3575,6,5,400,40853,1005,181,259897.5,90682455.75342959,-0.002415511337668155,medium
tIDPQ2lYIog,Gaming,HULK VS TRAIN 🚂 CHALLENGE | VIDEO | INDIAN BIKE DRIVING 3D GAME 🎮,65,14,1,0,0,0.7230769230769231,1,1132,13,4,10,33599,0,0,259897.5,90682455.75342959,-0.002495504760207615,medium
5T7feMds9yM,Gaming,Only Real code 💥 Indian bike driving 3d all new cheat code update + plugin cheat code,85,17,1,0,0,0.03529411764705882,0,2128,1,2,6,284064,611,2,259897.5,90682455.75342959,0.00026649587066444245,medium
qutyd3kR2Hc,Gaming,New Indian Cars Simulator 3D - Suzuki Swift Driving Gadi Wala Game 2026 Android Gameplay,88,15,1,0,0,0.14772727272727273,27,2960,7,0,192,9585,22,2,259897.5,90682455.75342959,-0.0027603189384351585,medium
UeUYXOY_VMg,Gaming,Top 5 Best & All-rounder Mobiles Under 25000 [May 2026] | Phone Under 25000 | Value For Money !,95,19,1,0,1,0.11578947368421053,15,2328,18,6,710,3329,39,1,259897.5,90682455.75342959,-0.0028293069245678938,medium
fmAbXsG5JLY,Gaming,All Real code Indian bike driving 3d all new cheat code update + plugin cheat code,82,16,1,0,0,0.036585365853658534,0,2049,4,5,6,530543,1453,15,259897.5,90682455.75342959,0.0029845409208579384,medium
YAUnCwZHLKU,Gaming,Finally My Mann got banned for 1 game 😭🤣,40,9,1,0,0,0.075,1,1049,17,0,6,32716,0,8,259897.5,90682455.75342959,-0.0025052420351045473,medium
A58QQReZKKw,Gaming,RCB Ipl final 2026 Winning Moment #kohli #iplfinal #Ipl2026 #cricket,68,10,1,0,0,0.10294117647058823,29,2195,18,6,11,445539,7037,0,259897.5,90682455.75342959,0.002047160042784561,medium
w0-TPlIXmKk,Gaming,Power of a girl 😭,17,5,0,0,0,0.058823529411764705,0,993,15,0,12,6399,57,2,259897.5,90682455.75342959,-0.0027954525260021176,medium
oLf6O3NHy9k,Gaming,214ram ram #indianvehiclessimulator3ddjkaisebajaye #indiantractor3d,67,4,1,0,0,0.0,3,2733,12,0,11,5245,0,2,259897.5,90682455.75342959,-0.0028081782510656047,medium
MwxTbWrojIg,Gaming,Only Real code 💥 Indian bike driving 3d all new cheat code update + plugin cheat code,85,17,1,0,0,0.03529411764705882,0,2128,2,6,6,918068,2252,15,259897.5,90682455.75342959,0.0072579695215753805,medium
n0m9xAsnmbw,Gaming,जैसा Sumit के काम वैसे उसके बेटे के 😎🤣 #jkpatelji,49,10,0,0,0,0.02040816326530612,0,2732,2,0,11,584427,6850,8,259897.5,90682455.75342959,0.0035787462668899588,medium
gPvsITlPO1g,Gaming,"🔴Gujarat vs Bengaluru, FINAL Match IPL 2026 | Live Cricket Match Today | GT vs RCB Live | IPL",93,19,1,0,0,0.25806451612903225,35,1706,18,6,13366,533764,7571,8,259897.5,90682455.75342959,0.00302006047062353,medium
0ZAKaYIF_SE,Gaming,Virat Kohli 🆚 Dhoni character challenge shorts|#gaming #Indian bike driving 3D#shorts,85,11,1,0,0,0.058823529411764705,14,1307,23,5,7,32384,0,1,259897.5,90682455.75342959,-0.0025089031622458624,medium
XcLG9HfNqrs,Gaming,"RCB vs GT Final Match Live,IPL 2026 | Live Cricket Match Today| Gujarat vs Bengluru Match Highlights",100,17,1,0,0,0.19,7,1893,6,6,1334,559027,3082,323,259897.5,90682455.75342959,0.003298647985596563,medium
0aK9wdFqH70,Gaming,IPL 2026 Final Winners: LIVE: RCB Crowned IPL 2026 Champions After Thrilling Final vs GT |  IPL 2026,100,18,1,0,0,0.25,20,2285,3,0,31616,66435,219,1,259897.5,90682455.75342959,-0.00213340605294187,medium
D34hhcqyRMw,Gaming,The Pyramid Scheme - Official Trailer | Prime Video India,57,10,0,0,0,0.14035087719298245,24,2770,6,4,163,14479521,12355,757,259897.5,90682455.75342959,0.15680677570823523,medium
XFFszcFSAaQ,Gaming,"🔴IPL FINAL: Bangalore vs Gujarat, IPL 2026 | Live Cricket Match | RCB vs GT, LIVE IPL Match Today",97,19,1,0,0,0.30927835051546393,28,2102,18,6,11937,1339456,14915,62,259897.5,90682455.75342959,0.011904822063215588,medium
d9MvzmC3DTw,Gaming,Top 5 YouTubers in India 🇮🇳 (2026 Updated) 😱,44,9,1,0,0,0.11363636363636363,10,509,10,4,46,181056,2918,142,259897.5,90682455.75342959,-0.0008694239623855603,medium
SZ8CWWSMqAc,Gaming,Bus Simulator 2026 - Indian City Bus Driving 3D - Bus Game Android Gameplay,75,14,1,0,0,0.14666666666666667,26,4530,13,4,229,140651,338,7,259897.5,90682455.75342959,-0.0013149897519784595,medium
QEyfOUixqRU,Gaming,ALL VEHICLES TRAIN JUMP 😱 CHALLENGE | VIDEO | INDIAN BIKE DRIVING 3D GAME 🎮,75,15,1,0,0,0.7466666666666667,1,1142,13,6,13,7857,0,0,259897.5,90682455.75342959,-0.002779374443556221,medium
My5TIXt4Oq4,Gaming,"🔴IPL Live : Bengaluru vs Gujarat, IPL Final | RCB vs GT | Live IPL Match Today | GT vs RCB Final",96,22,0,0,0,0.28125,28,1646,18,6,6484,745586,9567,33,259897.5,90682455.75342959,0.005355925751730994,medium
OwuW9NCqo7U,Gaming,Pups Paint! #short,18,3,0,0,1,0.1111111111111111,15,1464,13,4,23,12119458,74028,0,259897.5,90682455.75342959,0.13078120129704884,medium
LTHoztDagX4,Gaming,"🔴IPL Live : RCB vs GT, IPL Final match | Bengaluru vs Gujarat | Live Cricket Match Today | GT vs RCB",100,22,0,0,0,0.24,29,2013,18,6,19335,1605546,22378,105,259897.5,90682455.75342959,0.014839127247048643,medium
DdQdK1t4NKk,Gaming,#ipl#ipl2026#msdhoni#viratkohli #rcb#mi#csk#ytshorts#shorts #trending #rcbians,78,4,1,0,0,0.0,0,2445,14,0,6,5719,0,1,259897.5,90682455.75342959,-0.0028029512201469798,medium
40VBFVUm-BE,Gaming,⚽ BRASIL 6-2 PANAMA Highlights  | Friendly Football Match Pre-World Cup 2026 (Simulation/Recreation),100,13,1,0,0,0.21,18,2843,0,0,363,204030,1193,29,259897.5,90682455.75342959,-0.000616078375203101,medium
7nv2N514Ej4,Gaming,RCB Already Won The Final?👑❤️,29,5,0,1,0,0.2413793103448276,22,648,14,4,28,90285,0,21,259897.5,90682455.75342959,-0.0018704003833022054,medium
SDRQZMSLfR0,Gaming,Virat Kohli Vs MS Dhoni character challenge shorts|#gaming #shorts #Indian bike driving 3D,90,13,1,0,0,0.08888888888888889,14,1312,14,6,11,21530,0,3,259897.5,90682455.75342959,-0.0026285955537875363,medium
3kKRJl8QwP4,Gaming,Bandit gets his nails done!💙💅 | Bluey,37,7,0,0,1,0.05405405405405406,24,834,16,4,29,1919228,19406,0,259897.5,90682455.75342959,0.01829825280109096,medium
ItL3nx0_ZAg,Gaming,Wait For End 🥹❤️ RCB IPL CHAMPION  😱😱🔥 #tappuparmar #shorts #cricket #ipl #ipl2026,82,13,1,0,0,0.2073170731707317,0,2224,1,0,33,60252,879,5,259897.5,90682455.75342959,-0.002201589032203172,medium
dAyL7He5NbY,Gaming,Indian Tractor Game‼️ #indianvehiclessimulator3dnewupdate​​ #indiantractor3d​​ #gameplay​​,90,6,1,0,0,0.03333333333333333,0,3057,11,6,14,52685,1488,0,259897.5,90682455.75342959,-0.0022850340595475466,medium
KjDa5oAVm7Y,Gaming,MGI All Stars (1st Edition) – Final Competition | The Moment of the Crown 👑,75,15,1,0,0,0.14666666666666667,13,113,17,5,19605,12560382,87990,2481,259897.5,90682455.75342959,0.1356434869104744,medium
59dPzrhRhlk,Gaming,bus simulator Indonesia vs bus simulator india traffic comparison part 1,72,11,1,0,0,0.013888888888888888,3,891,5,1,18,581887,0,79,259897.5,90682455.75342959,0.003550736438760619,medium
3FTKGkkafaw,Gaming,"🔴RCB vs GT, FINAL Match IPL 2026 | Live Cricket Match Today | Gujarat vs Bengaluru Live | IPL",93,19,1,0,0,0.25806451612903225,35,1710,18,6,17156,2173539,24339,12,259897.5,90682455.75342959,0.02110266516384705,medium
tPb_EHjLvg8,Gaming,💔 2025 Players Will Never Feel This... 😭 #freefire #youtubeshorts,65,10,1,0,0,0.07692307692307693,0,723,1,0,11,3730,64,14,259897.5,90682455.75342959,-0.002824884900520703,medium
k9Cphf5YpX0,Gaming,"T20 SQUAD: ASIAN GAMES PROBABLES, RISHABH & RUTURAJ IN BUT NO PATIDAR, SAI & PRABH. SHOCKING",92,16,1,0,0,0.75,23,839,14,5,533,30470,590,136,259897.5,90682455.75342959,-0.0025300097807653727,medium
trJ946mt6iU,Gaming,Jack ne kharidi ek off roading wali car😀. Indian Theft Aura simulator gameplay. #gaming,87,14,0,0,0,0.04597701149425287,0,2361,3,5,59,10493,99,1,259897.5,90682455.75342959,-0.0027503059762534893,medium
dAZxnEGWBsk,Gaming,Biggest issue with the MacBook Neo 🤔,36,7,0,0,0,0.1111111111111111,0,1004,15,3,22,927308,6935,328,259897.5,90682455.75342959,0.0073598635420143955,medium
7MvNhtHwd3I,Gaming,Vande Bharat Train Cheat Code Add In Indian Bike Driving 3D 🤑| Indian Bike Driving 3d New Update,96,18,1,0,0,0.16666666666666666,12,1161,5,0,606,203217,1656,164,259897.5,90682455.75342959,-0.0006250437257027676,medium
tuLFtKs6urI,Gaming,Virat Kohli ramp character challenge|#gaming #Indian bikes driving 3D#shorts #trending,86,10,1,0,0,0.046511627906976744,14,1347,2,5,11,20437,0,1,259897.5,90682455.75342959,-0.002640648601876264,medium
9DVR4TsDFkU,Gaming,Ada Abah dan Ibu Upin Ipin mengetuk pintu‼️ tapi TERNYATA‼️😱,60,10,0,0,0,0.21666666666666667,0,0,4,6,10,5933844,19304,18,259897.5,90682455.75342959,0.06256939617325497,medium
rYBBz6WnMLU,Gaming,The Coolest Looking Gaming Laptop! ASUS Zephyrus Duo #laptop #asus,66,10,0,0,1,0.16666666666666666,0,0,16,4,38,321485,11238,156,259897.5,90682455.75342959,0.0006791556259510624,medium
VEGq2Du_HCw,Gaming,"Subscribe for $10,000",21,3,1,0,0,0.047619047619047616,0,466,16,4,14,642400423,3803175,61210,259897.5,90682455.75342959,7.081199115802666,viral
6ZXdD3rXBAE,Gaming,CARS VS EXTREME DOWNHILL,24,4,0,0,0,0.875,10,833,3,6,1880,8456827,250631,20620,259897.5,90682455.75342959,0.09039156948161932,medium
lhLcwMjIsKo,Gaming,"A 10TB SSD from Amazon For Just ₹4,000! 🤯",41,9,1,0,1,0.21951219512195122,27,379,14,0,49,3617305,84459,448,259897.5,90682455.75342959,0.037023782297305324,medium
-adBxxLRmbU,Gaming,Free Fire Headshot setting 2026 ⚡ Best Sensitivity Settings ⚙️| Sensitivity + Hud Settings Free Fire,100,16,1,0,0,0.11,0,4216,7,1,8,1089633,7730,45,259897.5,90682455.75342959,0.009149901081815593,medium
yDezerNnWqc,Gaming,Bus simulator Indonesia vs bus simulator India 💀😱#bussimulatorindonesia #bussimulatorindia,90,9,0,0,0,0.03333333333333333,7,334,12,0,17,2079549,0,873,259897.5,90682455.75342959,0.02006619124814759,medium
eUxyBS5y8rQ,Gaming,Draw the Wheels to Win! 😆,25,6,0,0,1,0.12,24,197,14,4,684,3604439,14061,909,259897.5,90682455.75342959,0.03688190259308797,medium
sbQLhHFcXSc,Finance,How to Start SIP in 2026 📈 | Beginner to Pro Investment Strategy,64,13,1,0,0,0.140625,20,1481,10,2,1494,161366,5204,85,61909.5,230602.67777465028,0.43128944104105743,high
IRCAZCzi4bA,Finance,SIP Kaise Kare ? SIP Investment in HINDI ( Step By Step ) | Sip Kya Hota Hai ?,78,19,0,1,0,0.2692307692307692,24,3014,9,4,442,108804,3725,568,61909.5,230602.67777465028,0.2033562682469207,medium
o1Zlv4K58yk,Finance,US Market SIP Vs Indian Market SIP | किस में बनेगी बड़ी Wealth | SAGAR SINHA,75,16,0,0,0,0.30666666666666664,14,3323,13,5,1176,89022,3434,288,61909.5,230602.67777465028,0.11757235545415001,medium
6IWdxct7g70,Finance,"How to Start Investing in 2026 (Beginner Guide) | SIP, Stocks, System Explained",79,13,1,0,0,0.13924050632911392,32,4875,13,0,347,2353,185,15,61909.5,230602.67777465028,-0.25826456385818664,medium
M3PX1x9W5M8,Finance,50 Stocks தேவையில்லை… இந்த 10 போதும்! 🔥 நான் வாங்கும் 10 SIP Stocks! 🚀 #sipstocks #longterminvesting,100,15,1,0,1,0.05,43,4992,10,5,1176,11909,515,89,61909.5,230602.67777465028,-0.21682532259604342,medium
OgbVbKdCS3A,Finance,Small Investment Big Return SIP का असली खेल | Sagar Sinha,57,11,0,0,0,0.15789473684210525,15,3524,13,0,396,693147,16434,732,61909.5,230602.67777465028,2.7373381180632186,viral
KjAGFk1_pBg,Finance,Market Crash 2026 Mein Invest Karein Ya Nahi? Real Data Dekho | SIP Strategy,76,14,1,1,0,0.18421052631578946,11,4942,14,4,491,93193,3297,172,61909.5,230602.67777465028,0.13565974299123656,medium
RM_oVlXtjJI,Finance,Where are Indians Investing their Money in 2025?,48,8,1,1,0,0.08333333333333333,0,2761,9,0,6,296,1,0,61909.5,230602.67777465028,-0.26718466842874217,medium
eOn6unfQ21k,Finance,How to Invest in US Stocks from India - 2026,44,10,1,0,0,0.13636363636363635,0,1977,10,1,679,6718,140,73,61909.5,230602.67777465028,-0.2393359024821658,medium
L8t-qq5QRbo,Finance,Did Gajendra Kothari stop his SIP in 2026? | The 99% Club,57,12,1,1,0,0.14035087719298245,23,2842,14,5,3781,99374,2140,106,61909.5,230602.67777465028,0.16246342133377603,medium
jHUgkZEHmm8,Finance,Girte Market Mein SIP kaise kare ? | Best Investment Strategy in market crash,77,14,0,1,0,0.11688311688311688,16,4943,13,6,224,10555,493,25,61909.5,230602.67777465028,-0.22269689361623407,medium
0B2SqrM1XVA,Finance,Sip Kya Hota Hai in Hindi | Sip Kaise Start Kare | sip investment in hindi | sip kya hai mutual fund,100,22,0,0,0,0.09,14,2101,2,6,741,39158,1263,253,61909.5,230602.67777465028,-0.09866103993047834,medium
YrZsVwX-Zbw,Finance,SIP vs Lump Sum: Investment Ke Liye Kaun Better Hai? | Beginners Ke Liye Best Investment Strategy,97,17,0,1,0,0.17525773195876287,17,4986,1,6,295,15118,693,26,61909.5,230602.67777465028,-0.20290961254892984,medium
dcYtrvru-Ac,Finance,Top 5 Investments for MONTHLY PASSIVE INCOME | Earn Lifetime Monthly Income,75,12,1,0,0,0.3466666666666667,20,2509,12,5,721,190810,4724,125,61909.5,230602.67777465028,0.5589722601832241,high
p78cIhYzv_E,Finance,Is SIP Really the Best Way to Invest in 2026? | SIP vs Lumpsum | Neeraj Arora,77,17,1,1,0,0.18181818181818182,24,2057,14,3,1509,35908,894,73,61909.5,230602.67777465028,-0.11275454496417082,medium
hp5rgFzqLSQ,Finance,SIP का बाप - ETF | SIP से भी ज़्यादा कमाई | क्या होता है ETF | Sagar Sinha,74,19,0,0,0,0.1891891891891892,4,3260,13,1,2555,441765,10485,637,61909.5,230602.67777465028,1.647229354254085,viral
s0No9_X0bt8,Finance,How to Start SIP in Nasdaq 100 | US Stocks Investing | Sanjay Kathuria,70,14,1,0,0,0.17142857142857143,19,4974,16,2,1119,96463,3009,470,61909.5,230602.67777465028,0.14983997728667486,medium
oRphkZGq_Go,Finance,9 Best Govt Investment Schemes | लोग जानते ही नहीं | Govt Guarantee | SAGAR SINHA,81,16,1,0,0,0.19753086419753085,16,3660,13,1,2352,273691,7083,658,61909.5,230602.67777465028,0.9183826573209062,high
ikGcjqcCk80,Finance,Bitcoin SIP vs Gold SIP vs Nifty SIP | Bitcoin Crash सबसे बड़ी Opportunity? | SAGAR SINHA,89,17,0,1,0,0.2808988764044944,16,3572,13,0,1556,397190,12491,1374,61909.5,230602.67777465028,1.4539315121381333,viral
AYTQWEkAs7M,Finance,Real Estate vs Mutual Funds 📈🏠 | Which Investment is Better for Wealth Creation?,80,14,0,1,0,0.1125,20,1542,12,0,122,171835,8020,10,61909.5,230602.67777465028,0.4766878731018964,high
G7vMznAckbM,Finance,Best SIP Plans for 2026 | Best Mutual Funds for 2026 | Best Mutual Fund to Invest for Beginners,95,19,1,0,0,0.1368421052631579,20,2026,14,5,601,28582,455,69,61909.5,230602.67777465028,-0.14452347354165732,medium
VsiWtnbu4W4,Finance,43 வயதில் SIP தொடங்கலாமா? | News Cafe Tamil | Stocks,52,10,1,1,0,0.1346153846153846,5,2240,6,6,69,1023,16,0,61909.5,230602.67777465028,-0.26403205976428235,medium
QBQ9mT8Og_8,Finance,US के AI Stocks में Invest कैसे करें? | Sagar Sinha,51,11,0,1,0,0.1568627450980392,16,1903,12,0,2580,164326,5260,453,61909.5,230602.67777465028,0.44412537177943584,high
efZPxBkikjQ,Finance,Top 4 SIP Investment Plans in India | Best SIP Schemes - Mutual Funds (2026),76,15,1,0,0,0.18421052631578946,21,2170,10,4,453,14260,192,14,61909.5,230602.67777465028,-0.20663029787782464,medium
eYSkbaiO0U8,Finance,Why CASH is King in 2026 | The Only Investing Strategy That Works,65,13,1,0,0,0.18461538461538463,21,1052,13,1,113,10314,438,14,61909.5,230602.67777465028,-0.22374198122027097,medium
ky1LTUAgA9g,Finance,Best 3 Mutual Funds for 2026 | Index Funds | Best SIP Plans for 2026 | Mutual Funds for Beginners,97,20,1,0,0,0.13402061855670103,20,2406,14,1,608,21833,347,33,61909.5,230602.67777465028,-0.17379026291777752,medium
9E4p1asd-W8,Finance,पहला Investment कहाँ करें? | ETF vs Mutual Fund vs Index Fund | Sagar Sinha,75,15,0,1,0,0.13333333333333333,16,3526,14,2,1661,74426,3009,248,61909.5,230602.67777465028,0.05427734023206523,medium
8MugL7NuQy8,Finance,Rakesh Jhunjhunwala’s Best Investment Advice | ₹5K SIP to ₹3.5 Crore,68,11,1,0,0,0.14705882352941177,0,824,16,3,80,2953,66,4,61909.5,230602.67777465028,-0.2556626860058126,medium
Uk9vD0UUU5A,Finance,How to beat inflation and build real wealth,43,8,0,0,0,0.023255813953488372,25,2608,7,6,105,5296,212,2,61909.5,230602.67777465028,-0.24550235299229217,medium
xf7ka23dazc,Finance,Middle Class Ka Sabse Bada Money Trap #shorts,45,8,0,0,0,0.15555555555555556,23,3721,13,0,29,617,10,0,61909.5,230602.67777465028,-0.26579266377772204,medium
vJl3Jlg_cu4,Finance,Right age to start investing to make 1 crore fast #shorts,57,11,1,0,0,0.017543859649122806,23,3721,6,0,29,1437,19,0,61909.5,230602.67777465028,-0.26223676404614427,medium
73LMjSHS4fE,Finance,Nifty50 SIP won't make you Rich ?,33,7,1,1,0,0.15151515151515152,2,3338,16,1,147,339443,11844,1153,61909.5,230602.67777465028,1.203513778236398,viral
siqjfRN070I,Finance,"BOLD PREDICTION for India Stock Market 2026 | SIP, War & Retirement | Karan Dutta | FWS 118",91,18,1,0,0,0.2967032967032967,1,2235,13,4,2448,54838,949,103,61909.5,230602.67777465028,-0.030665298721771202,medium
-iSk-usAlFU,Finance,Right time to buy US stocks?,28,6,0,1,0,0.10714285714285714,18,3234,16,5,1450,210914,8290,1447,61909.5,230602.67777465028,0.6461525140901021,high
gG_7BPEpDcY,Finance,"Best Mutual Funds for SIP in 2026 | Best SIP Plans for Long, Short Term Investment | Sanjay Kathuria",100,19,1,0,0,0.17,21,1052,11,3,3420,71405,1029,44,61909.5,230602.67777465028,0.04117688524536215,medium
mGxcRJGrvZ4,Finance,Top 5 Mutual Funds for 2026 – Don’t Miss This!,46,10,1,0,1,0.13043478260869565,17,396,11,0,180,40310,1272,14,61909.5,230602.67777465028,-0.09366543445392025,medium
KOxcBxE8VR0,Finance,Market Crash Alert: 3 Mutual Fund Mistakes That Can Destroy Your Wealth - Rahul Jain,84,15,1,0,0,0.15476190476190477,25,3185,14,5,1024,119844,2647,225,61909.5,230602.67777465028,0.25123082073060227,medium
Ob12RVbdKZA,Finance,Lumpsum के लिए 3 Best Mutual Funds for 2026 | Best SIP Plans for 2026 | Mutual Funds for beginners,98,20,1,0,0,0.11224489795918367,20,2380,14,2,594,30048,424,90,61909.5,230602.67777465028,-0.1381662186556902,medium
BBXcdGzMC94,Finance,Sbi mutual fund best plan 2025 2026  | past returns | mutual funds to invest in 2026 #mutualfunds,97,18,1,0,0,0.010309278350515464,7,2317,9,6,6,62548,101,4,61909.5,230602.67777465028,0.0027688316812346622,medium
UrHjcfwwvbs,Finance,₹21 Daily SIP = ₹1 Crore?  Start Investing Today | Mutual Fund SIP Strategy #trading #sip,89,16,1,1,0,0.15730337078651685,25,1101,12,4,50,491930,8391,54,61909.5,230602.67777465028,1.8647680250279877,viral
kTnPvKjeJeE,Finance,Best Flexi Cap Fund for Long Term Wealth Creation? #flexicapfund #paragparikhflexicapfund,89,11,0,1,0,0.0898876404494382,23,1454,12,5,59,180869,4297,1283,61909.5,230602.67777465028,0.5158634806324742,high
tQGnUCQSoIQ,Finance,बदलेगी निवेशकी दुनिया?  #shortvideo #shorts,43,5,0,1,0,0.0,26,1802,9,0,82,3556,14,0,61909.5,230602.67777465028,-0.25304779876417677,medium
nRbngGp8icw,Finance,SIP Kaise Start Kare | SIP Investment In Hindi | How To Invest In Mutual Funds #SIP #ShortsVideo,96,18,0,0,0,0.23958333333333334,22,1789,5,0,131,2231,7,2,61909.5,230602.67777465028,-0.258793612354836,medium
FHNbe0Gp8B0,Finance,Good News for SIP Investors! SEBI Launches Mutual Fund Lock Feature,67,11,0,0,1,0.22388059701492538,23,2663,12,4,63,19732,606,7,61909.5,230602.67777465028,-0.1829011718641738,medium
bgF2GDNZ5_w,Finance,3 SIP rules in mutual funds,27,6,1,0,0,0.1111111111111111,24,1178,14,6,121,61271,2325,37,61909.5,230602.67777465028,-0.0027688316812346622,medium
Zl4aRKF4lrA,Finance,Top 5 Mutual Funds,18,4,1,0,0,0.16666666666666666,0,0,2,1,99,332305,8342,60,61909.5,230602.67777465028,1.172560104719322,viral
bB7UvwEfggg,Finance,One SIP. Changing Markets. Long Term Discipline. | Kotak Flexicap Fund,70,11,0,0,0,0.17142857142857143,19,925,14,2,78,92644,462,0,61909.5,230602.67777465028,0.13327902475631437,medium
sjfhnmOKLSY,Finance,Harshad Mehta’s “Invest in India” Strategy 🇮🇳 #stockmarket #harshadmehta,72,9,0,0,0,0.06944444444444445,13,1225,11,2,68,1363156,28612,102,61909.5,230602.67777465028,5.642807414715302,viral
64l3ikzb4uo,Finance,இவ்ளோ வட்டி கிடைக்கும்னு நெறைய பேருக்கு தெரில🥳  | Money Investment | Savings | Investment Plan 2026,99,15,1,0,0,0.050505050505050504,22,2941,5,2,141,79372,1076,5,61909.5,230602.67777465028,0.07572548666180155,medium
FaOWvh9c9uc,Finance,Crypto में कितना इन्वेस्ट करें? Deepak Wadhwa से जानिए 5% रूल | #deepakwadhwa #crypto #zeebusiness,98,15,1,1,0,0.030612244897959183,23,2449,11,0,48,1530,6,2,61909.5,230602.67777465028,-0.2618334729790263,medium
bapWSYZ7F8M,Comedy,Relatable 🤣 ? #relatable #funny #indian #shorts #comedy #viral #fyp #relatable #explore,87,12,0,1,0,0.011494252873563218,0,0,13,0,22,30476,804,19,52019.0,1287485.8211969337,-0.016732611455069987,medium
4ziOcHqmAbw,Comedy,Send this to that dost 😂#relatable #funny #indian #shorts #comedy #viral #fyp #relatable #explore,97,14,0,0,0,0.010309278350515464,0,0,13,6,6,18203,555,11,52019.0,1287485.8211969337,-0.026265143618096207,medium
uBeHGdATZfo,Comedy,I’m the best 😂🙌🏻 #viral #funny #comedy #love #shorts #trending #foryou #india @c@chotanawab,91,13,0,0,0,0.01098901098901099,0,0,16,4,27,154272,9136,179,52019.0,1287485.8211969337,0.07942068045839815,medium
Ru1olRGFln4,Comedy,Sare kaam krti hun 😭#relatable #funny #indian #shorts #comedy #viral #fyp #relatable #explore,93,13,0,0,0,0.010752688172043012,0,0,13,2,6,163818,2146,36,52019.0,1287485.8211969337,0.08683513104327946,medium
WenqKlGuDDY,Comedy,Ye kya ho gaya 😂 #funny #youtube #comedy #standupcomedy #india #shorts #shadabjakati1 #entertain,96,13,1,0,0,0.010416666666666666,8,914,5,5,34,27546,278,0,52019.0,1287485.8211969337,-0.01900836467251208,medium
VJLBK2a0ZUY,Comedy,Dono ko Nahi mili cold drinks 😂😂 #comedy #funny #shorts,55,10,0,0,0,0.03636363636363636,4,85,8,0,22,901,9,1,52019.0,1287485.8211969337,-0.03970373821474574,medium
Z_4WLJQJpw4,Comedy,पवन खेड़ा ने खोली कांग्रेस की पोल!😜#shorts #funny #comedy #pawankheda #@flywithsanty,84,11,0,0,1,0.0,14,1216,3,5,67,96498,3344,133,52019.0,1287485.8211969337,0.0345471765729034,medium
4ib2g_niVLU,Comedy,My big group 😂😏#relatable #funny #indian #shorts #comedy #viral #fyp #relatable #explore,88,12,0,0,0,0.011363636363636364,0,0,14,4,7,45484,919,9,52019.0,1287485.8211969337,-0.005075784053236891,medium
InlzklqXoyA,Comedy,Reality🤦🏻‍♀️😭 #shorts #shortsfeed #funny #comedy #indian #explore #ytshorts #funnyshorts,88,9,0,0,0,0.011363636363636364,36,858,11,0,28,22341,234,33,52019.0,1287485.8211969337,-0.023051127640698464,medium
3jFKBomhVqE,Comedy,राहुल बार बार विदेश क्यों जाता हैं?😜#shorts #funny  #comedy #rahulgandhi #@flywithsanty,87,11,0,1,0,0.0,14,1176,12,6,70,129551,3775,62,52019.0,1287485.8211969337,0.06021969230536536,medium
ZhXAu9TV3d8,Comedy,Anand ne bhoot dekh liya 😱😂#trendingshorts #comedy #funny #indian #shorts#youtubeshorts #a9profun,97,11,1,0,0,0.010309278350515464,0,116,13,0,29,11206,71,0,52019.0,1287485.8211969337,-0.031699766574561174,medium
gb5v4qwmjHs,Comedy,VeeHan Kab Sudhrega#funny #comedy #youtubeshorts #viral#relatable #reels #india #shorts #fyp#explore,100,10,0,0,0,0.04,19,118,5,6,29,8468,79,9,52019.0,1287485.8211969337,-0.03382639193611627,medium
3TY6otZwifw,Comedy,peddi ka  share😁||#999india #comedy #comedyfilms #funny #comedymovies #funnycomedy #shorts #amma,96,10,1,0,0,0.0,30,1447,14,1,60,560720,26526,43,52019.0,1287485.8211969337,0.3951119240498332,high
F8SOpOTlv3g,Comedy,Aapke dad bhi ese krte h?🥹#relatable #funny #indian #shorts #comedy #viral #fyp #relatable #explore,99,14,0,1,0,0.010101010101010102,0,0,13,3,16,807921,9909,136,52019.0,1287485.8211969337,0.5871148152119162,high
_NSLBobn-Xk,Comedy,Aapke gharwale bolte h ? 🤣#relatable #funny #indian #shorts #comedy #viral #fyp #relatable #explore,99,14,0,1,0,0.010101010101010102,0,0,13,5,7,48844,1132,20,52019.0,1287485.8211969337,-0.002466046575214557,medium
QDQJ6y_MHi8,Comedy,maar daala🤣#shadabjakati #viral #funny #youtube #comedy #standupcomedy #indian #shorts Shadab Jakati,100,11,0,0,0,0.02,8,867,10,0,48,6618,118,0,52019.0,1287485.8211969337,-0.03526330096419405,medium
v7Rbq-QrlDI,Comedy,Relatable girls 🤣 ? #relatable #funny #indian #shorts #comedy #viral #fyp #relatable #explore,93,13,0,1,0,0.010752688172043012,0,0,7,5,11,39807,0,1,52019.0,1287485.8211969337,-0.009485153000478794,medium
kN9-ZqmmQ7Y,Comedy,टॉवेल मांगना पड़ गया भारी 😂 #comedy #funny #standupcomedy #relatable #jookes #shorts #short #jokes,98,14,0,0,0,0.0,0,1698,7,4,30,52857,300,3,52019.0,1287485.8211969337,0.0006508809543400941,medium
tbIP0rYUVuE,Comedy,Ambulance Ne Bacha Liya 😎🤩 #comedy #funny #indian #shortvideo #satisfying #shorts #eyecatchy,92,12,0,0,0,0.043478260869565216,6,92,10,6,20,16244,87,0,52019.0,1287485.8211969337,-0.027786713772693157,medium
ZgsccI0RxK8,Comedy,वकील साहब ने कहा - हमारे लिए चायवाला अच्छा है! #shorts #funny #reaction #india | Beautiful India,96,17,0,0,1,0.020833333333333332,9,220,12,6,37,2625098,58923,582,52019.0,1287485.8211969337,1.998529970301259,viral
FmNLbz5xHRU,Comedy,Teacher vs Cute Kid Funny Answer 😂 | Indian Comedy Shorts | Viral Interview#shorts #funny #comedy,97,16,0,0,0,0.10309278350515463,0,650,14,2,11,395514,4286,8,52019.0,1287485.8211969337,0.2667951711349053,medium
Pgj2OdZnDe4,Comedy,Parents Things 😂🔥 || indian family #shorts #indian #relatable #comedy #funny #youtubeshorts #mummy,98,13,0,0,0,0.02040816326530612,7,1113,13,0,32,5390,0,0,52019.0,1287485.8211969337,-0.03621709787580459,medium
6Q3dI5yjdEs,Comedy,#kannada #comedy #funny #minivlog #tulunad #tuluvlogs #love #shortvideo #vlog #india #comedy,92,11,0,0,0,0.0,0,0,3,5,20,289703,11376,95,52019.0,1287485.8211969337,0.18461096509710134,medium
7gnVgOytSMw,Comedy,Danger ‼️ bhoot aur chota bhai 👻#trendingshorts #comedy #shorts#indian #viralshorts#funny#a9reels ￼,99,11,1,0,0,0.010101010101010102,0,116,2,0,30,184960,1104,10,52019.0,1287485.8211969337,0.1032562827576688,medium
J6uCsSbjLZs,Comedy,Final option 😜😂 ||#shorts #kcindian #food #comedy #funny #trending #viral #wow #twist #police,93,13,0,0,0,0.010752688172043012,26,1524,14,0,32,1620850,19052,67,52019.0,1287485.8211969337,1.218522933745017,viral
JY3sqc9DGgc,Comedy,Send this to your friend 😭🥲#relatable #memes #comedy #funny #indian #friends #shortvideo #shorts,96,13,0,0,0,0.010416666666666666,0,0,12,0,13,4756,38,2,52019.0,1287485.8211969337,-0.03670953048326476,medium
gUOfOnCfgFE,Comedy,Send this to your brother🙂#relatable #funny #indian #shorts #comedy #viral #fyp #relatable #explore,99,13,0,0,0,0.010101010101010102,0,0,13,0,12,3334374,26432,95,52019.0,1287485.8211969337,2.549430017760119,viral
y0zgpQL4gtc,Comedy,Aur kya hi bolon 😭😂#relatable #funny #indian #shorts #comedy #viral #fyp #relatable #explore,92,13,0,0,0,0.010869565217391304,0,0,13,1,7,229514,3686,29,52019.0,1287485.8211969337,0.13786171239927805,medium
bKN3gZRAjPA,Comedy,Bachpan ka geometry box 😂🔥| Indain family #shorts #funny #comedy #bachpan #mayankgautamvlogs,92,12,0,0,0,0.021739130434782608,33,569,9,0,30,4507,72,0,52019.0,1287485.8211969337,-0.0369029306713682,medium
oATbY4YugAQ,Comedy,Spoon 🥄  #funny #comedy #viral  #youtubeshorts #trending #shorts #short #love #ytshorts #viral #yt,98,13,0,0,0,0.01020408163265306,0,1717,6,6,15,40037,0,28,52019.0,1287485.8211969337,-0.009306510256447503,medium
l5LaOWuFN0o,Comedy,India mein bhooton ka Jalwa 😂#trendingshorts #youtubeshorts #viralvideo #comedy #shorts #funny ￼,96,12,0,0,0,0.020833333333333332,8,112,15,0,30,7161330,38394,7,52019.0,1287485.8211969337,5.521855761790607,viral
tSW8ACPAwvs,Comedy,Chota bhai aur Kajal 🤣🔥| Indian family #shorts #funny #comedy #kajal #mayankgautamvlogs,87,12,0,0,0,0.034482758620689655,35,553,9,5,36,27087,238,1,52019.0,1287485.8211969337,-0.019364873452991916,medium
ziyIAj6bONc,Comedy,चुड़ैल और हनुमान जी🙏 #comedy #funny #indian #jokes #chotabhai #viral #भूत #trending #shorts,91,13,0,0,0,0.0,0,0,13,6,22,28632,218,1,52019.0,1287485.8211969337,-0.01816486023765129,medium
WIWeamDEwC0,Comedy,Cold drink kaam aa gayi 🤣 #shorts #indian #relatable #funny #comedy,67,11,0,0,0,0.014925373134328358,0,67,14,6,30,41872,0,1,52019.0,1287485.8211969337,-0.0078812518421109,medium
KE4PoJYCIug,Comedy,Aam khane ka sahi tareeka😂🔥 #comedy #funny #bachpan #relatable #chotabhai #shorts #indian,89,12,0,0,0,0.011235955056179775,0,0,14,3,30,51181,466,0,52019.0,1287485.8211969337,-0.0006508809543400941,medium
HYGG6r1obXk,Comedy,Lolipop ka Nasha 🍭😂🔥| Indian family #shorts​​ #funny​​ #comedy​​ #lolipop​​ #mayankgautamvlogs​​,96,11,0,0,0,0.03125,8,96,0,3,30,36462,323,0,52019.0,1287485.8211969337,-0.012083239864759957,medium
j1fGBKVaV7w,Comedy,Send this to that friend 🙂#relatable #funny #indian #shorts #comedy #viral #fyp #relatable #explore,99,14,0,0,0,0.010101010101010102,0,0,13,6,9,708186,8441,47,52019.0,1287485.8211969337,0.5096498844468693,high
isU6KItQGAo,Comedy,टीटी को उल्लू बना दिया #trendingabhay #comedy #funny #shorts #titicomedy #viralvideo #india,91,12,0,0,0,0.0,0,0,1,3,71,82933,2228,13,52019.0,1287485.8211969337,0.024011138212970965,medium
I00O2uaavWE,Comedy,Bache aur cone wali ice cream 😂🔥 | indian family #shorts #indian #comedy #chaman #relatable #funny,98,16,0,0,0,0.01020408163265306,10,67,2,5,30,244577,1793,3,52019.0,1287485.8211969337,0.14956125871816212,medium
Jxo1ra7bLAQ,Comedy,Indian family ice creams😂🔥 |Indian family #comedy #shorts #chaman #funny #video #viral #family,94,13,0,0,0,0.02127659574468085,15,238,1,2,30,34086,210,0,52019.0,1287485.8211969337,-0.013928697081361465,medium
dN7ZlrFUG14,Comedy,Chahe Mera Dil Jaaye#emotional#hindi#trending#comedy#funny#shorts#video#dance#sheela Devi 143#,94,6,1,0,0,0.05319148936170213,12,94,3,2,13,4032150,21834,0,52019.0,1287485.8211969337,3.091397928017414,viral
HSYWl1CYW7g,Comedy,Aapko kitna paseena aata hai?😂🔥 #comedy #funny #bachpan #relatable #shorts #chotabhai #indian,93,12,0,1,0,0.010752688172043012,0,0,13,0,30,31333,191,0,52019.0,1287485.8211969337,-0.01606697305665774,medium
ljYLYM3IiJw,Comedy,0% milawat vlogs day 8#comedy #explore #funny #odisha #india #shorts #shortvideo #shortsfeed #shorts,100,13,1,0,0,0.0,7,127,13,4,22,26882,337,1,52019.0,1287485.8211969337,-0.01952409850745459,medium
CqP6AGgFuSg,Comedy,Desi swimming pool 😂😃#trendingshorts #comedy #shorts #ytshorts #funny #indian #swimming#fira9wale,97,10,1,0,0,0.010309278350515464,0,116,14,5,30,130578,1132,5,52019.0,1287485.8211969337,0.06101737099284422,medium
r9kksRfPxl4,Comedy,Indian family ki picnic🤣😂 #comedy #funny #indian #shorts #summer #picnic,72,10,0,0,0,0.013888888888888888,0,0,8,5,37,36512,366,3,52019.0,1287485.8211969337,-0.01204440448562272,medium
rNXtTOLDFks,Comedy,2050 ke saton vachan indian idol | #trending #funny #indianidol #youtube #shorts,80,12,1,0,0,0.0,6,575,3,3,54,315097,1704,10,52019.0,1287485.8211969337,0.20433467745332135,medium
TjfW6-89qxE,Comedy,Idi Yaparam😁||#999india #comedy #comedyfilms #funny #comedymovies #funnycomedy #shorts #amma,92,9,1,0,0,0.021739130434782608,29,1447,14,0,59,2308872,61009,94,52019.0,1287485.8211969337,1.75291483824022,viral
gBQ7XFbmo-I,Comedy,India ka nanga bhoot 😂🔥 #trending #viral #comedy #funny #2026 #short #new #youtube #ytshort #video,98,15,1,0,0,0.01020408163265306,0,0,1,5,32,738517,4313,3,52019.0,1287485.8211969337,0.5332082021391001,high
vV6nWa4zlbg,Comedy,Cold Drinks Aur Mayank 😂🔥|Indain family #shorts #funny #comedy #colddrink #mayankgautamvlogs,92,11,0,0,0,0.05434782608695652,33,564,9,6,49,90729,759,2,52019.0,1287485.8211969337,0.030066350528048978,medium
mjHXgjfFsy4,Comedy,Boating⛵..twist😂🤣||#999india #mallelamancham #addhusreeram #comedy #funny #shorts #viral #trending,98,8,1,0,0,0.01020408163265306,0,0,14,6,73,284406,13721,30,52019.0,1287485.8211969337,0.18049674503130245,medium
